dataid,location,plays,timestamp
199,54,11,0
54,27,1,0
54,29,1,0
54,18,1,0
54,47,1,0
54,49,1,0
54,36,1,0
54,0,1,0
54,1,2,0
54,9,2,0
54,43,3,0
54,19,3,0
28,43,2,0
28,49,2,0
28,1,2,0
199,36,1,0
28,2,3,0
28,9,3,0
54,35,4,0
54,53,4,0
54,2,4,0
28,54,24,0
28,53,4,0
28,35,4,0
28,19,4,0
200,49,2,0
200,36,2,0
200,19,3,0
200,43,4,0
200,54,8,0
200,20,42,0
28,20,72,0
54,20,70,0
54,54,23,0
200,53,4,0
199,39,1,0
199,43,2,0
28,18,1,0
28,47,1,0
28,7,1,0
199,53,2,0
28,10,1,0
28,52,1,0
199,19,3,0
28,36,1,0
28,0,1,0
28,39,1,0
199,35,2,0
199,49,2,0
200,35,1,0
199,20,43,0
199,1,2,0
199,9,1,0
200,1,1,0
200,9,1,0
199,2,1,0
200,47,1,0
200,39,1,0
54,43,4,1
28,2,4,1
54,19,4,1
54,2,4,1
54,35,4,1
54,53,4,1
28,47,2,1
28,43,2,1
28,49,2,1
28,36,2,1
200,53,5,1
200,54,9,1
28,35,4,1
200,20,52,1
28,20,77,1
54,20,70,1
54,54,18,1
28,19,4,1
199,19,4,1
200,43,4,1
200,49,3,1
28,54,22,1
200,47,1,1
200,39,1,1
200,29,1,1
200,18,1,1
200,9,1,1
200,27,1,1
200,7,1,1
200,2,1,1
28,53,5,1
200,1,2,1
200,35,2,1
200,36,2,1
200,19,4,1
54,0,1,1
54,39,1,1
54,27,1,1
54,29,1,1
54,18,1,1
199,7,1,1
199,9,1,1
199,2,1,1
199,36,1,1
28,9,2,1
28,1,2,1
54,47,2,1
28,39,1,1
199,1,2,1
28,0,1,1
54,36,2,1
54,49,2,1
54,9,2,1
54,1,2,1
28,29,1,1
28,18,1,1
28,7,1,1
28,52,1,1
28,10,1,1
199,43,2,1
199,54,13,1
199,39,2,1
199,35,2,1
199,20,54,1
199,49,3,1
199,53,3,1
2482,18,1,2
2482,19,1,2
2482,36,1,2
2482,47,1,2
2482,0,1,2
2482,1,1,2
2482,9,1,2
2482,10,1,2
2484,1,4,2
2484,2,4,2
2484,19,4,2
2484,43,4,2
2484,35,5,2
2484,53,8,2
2484,54,14,2
2484,20,77,2
1593,18,3,2
1593,47,3,2
1593,7,2,2
1593,39,2,2
1593,43,2,2
2482,29,1,2
2484,49,2,2
2484,9,2,2
1593,20,176,2
28,20,13,2
28,54,4,2
1593,54,75,2
1593,53,14,2
1593,1,8,2
1593,9,8,2
1593,19,7,2
1593,36,5,2
1593,35,5,2
1593,2,5,2
2484,18,1,2
1593,49,4,2
1593,29,4,2
2484,29,2,2
2484,27,2,2
2484,39,2,2
2484,36,2,2
2484,47,2,2
54,35,1,2
54,2,1,2
2554,37,1,2
2554,18,1,2
2554,27,1,2
2554,47,1,2
2554,13,1,2
2549,20,99,2
2549,54,37,2
2554,2,2,2
2554,54,66,2
2554,7,2,2
2549,53,8,2
2554,20,139,2
2549,19,3,2
2549,2,3,2
2549,43,3,2
2549,35,3,2
2554,39,3,2
2554,36,3,2
2554,35,3,2
2549,49,2,2
2549,36,2,2
2549,18,2,2
2549,9,4,2
2549,47,1,2
2549,39,1,2
2549,37,1,2
2549,33,1,2
2549,29,1,2
2549,7,1,2
2549,27,1,2
2554,49,5,2
2554,19,6,2
2554,53,9,2
2554,9,7,2
2549,46,1,2
2549,1,5,2
2554,29,2,2
2554,43,2,2
200,1,1,2
200,53,1,2
200,43,1,2
200,54,6,2
200,20,20,2
54,20,15,2
54,54,4,2
2482,35,2,2
2482,53,2,2
2554,1,7,2
2482,54,6,2
199,20,14,2
2651,53,1,2
1593,13,1,2
2482,2,3,2
2482,20,37,2
1593,52,1,2
1593,28,1,2
1593,27,1,2
1593,37,1,2
1593,49,5,3
2484,18,1,3
1593,37,1,3
200,43,1,3
1593,27,1,3
1593,28,1,3
1593,52,1,3
1593,13,1,3
200,53,1,3
54,35,1,3
2482,53,3,3
2482,54,7,3
1593,53,15,3
2482,1,2,3
1593,9,8,3
1593,1,8,3
199,20,14,3
2651,53,1,3
2651,1,1,3
1593,2,5,3
1593,29,5,3
1593,35,5,3
2482,19,2,3
1593,4,1,3
1593,36,6,3
2484,37,1,3
2484,7,1,3
1593,19,8,3
1593,54,75,3
2482,49,1,3
2482,47,1,3
2482,36,1,3
2482,2,3,3
2482,29,1,3
2482,35,3,3
2482,9,1,3
2482,0,1,3
54,54,4,3
2482,18,1,3
28,54,4,3
2482,10,1,3
1593,20,181,3
28,20,14,3
2484,35,5,3
2484,19,5,3
2484,53,8,3
2482,20,40,3
2549,33,1,3
2484,54,13,3
2549,37,1,3
2549,7,1,3
2549,27,1,3
2549,46,1,3
2549,47,1,3
2484,9,2,3
1593,18,4,3
2549,39,2,3
2549,36,2,3
2484,43,4,3
2554,29,2,3
2554,7,2,3
2554,2,2,3
2549,29,2,3
2549,18,2,3
2554,43,3,3
2484,1,4,3
2484,2,4,3
2554,36,3,3
2554,35,3,3
2554,39,3,3
2554,49,5,3
54,20,16,3
2554,54,62,3
2554,53,9,3
200,20,19,3
200,54,6,3
2554,1,7,3
2554,9,7,3
2554,19,6,3
1593,39,2,3
1593,7,2,3
2484,20,78,3
2484,47,2,3
1593,47,3,3
1593,43,2,3
2484,49,2,3
2484,36,2,3
2554,20,135,3
2484,39,2,3
2554,13,1,3
2554,27,1,3
2554,18,1,3
2554,47,1,3
2554,37,1,3
2549,20,98,3
2549,54,35,3
2549,53,8,3
2484,27,2,3
2549,1,5,3
2549,35,3,3
2549,49,3,3
2549,9,4,3
2549,2,4,3
2549,43,3,3
2484,29,2,3
2549,19,4,3
28,20,82,4
200,49,3,4
200,53,6,4
200,54,11,4
200,20,57,4
200,36,3,4
54,54,19,4
200,47,1,4
200,18,1,4
200,29,1,4
54,2,5,4
200,27,1,4
200,39,1,4
200,7,1,4
200,2,1,4
200,9,1,4
199,20,62,4
200,35,2,4
200,1,2,4
54,20,73,4
54,29,1,4
54,27,1,4
54,0,1,4
54,18,1,4
54,39,1,4
199,7,1,4
199,47,1,4
199,36,1,4
199,2,2,4
199,1,2,4
199,29,1,4
28,0,1,4
28,36,2,4
28,49,2,4
28,43,2,4
28,47,2,4
54,47,2,4
54,1,2,4
54,9,2,4
28,52,1,4
28,10,1,4
28,18,1,4
28,29,1,4
28,39,1,4
28,7,1,4
54,49,2,4
199,43,2,4
199,19,5,4
199,39,2,4
199,9,2,4
199,35,3,4
199,53,4,4
199,49,4,4
54,36,2,4
200,19,4,4
28,9,3,4
28,54,24,4
199,54,17,4
28,35,4,4
54,53,4,4
54,43,4,4
28,53,5,4
54,19,4,4
54,35,4,4
200,43,5,4
28,19,4,4
28,2,4,4
28,1,3,4
2482,19,13,5
2482,53,19,5
54,36,1,5
54,29,1,5
54,27,1,5
54,9,1,5
54,0,1,5
54,54,15,5
200,20,64,5
200,54,15,5
200,43,6,5
200,53,5,5
54,20,61,5
2482,20,175,5
2482,54,35,5
2482,43,6,5
2651,7,1,5
2651,28,1,5
2651,29,1,5
54,49,2,5
54,47,2,5
2651,37,1,5
2651,18,1,5
2651,13,1,5
2482,9,5,5
54,1,2,5
2482,35,7,5
2482,2,7,5
2482,36,7,5
2482,47,7,5
54,19,3,5
54,43,3,5
54,2,3,5
2482,1,5,5
54,35,4,5
2482,49,8,5
54,53,4,5
28,1,2,5
28,36,2,5
28,43,2,5
28,49,2,5
28,47,2,5
199,35,3,5
28,2,3,5
200,9,2,5
28,19,3,5
200,1,2,5
2651,35,2,5
200,47,2,5
200,35,2,5
28,9,2,5
28,0,1,5
28,10,1,5
199,1,3,5
199,2,3,5
199,9,3,5
2482,5,1,5
2482,10,1,5
2651,36,3,5
2482,4,1,5
2482,28,1,5
2482,27,1,5
199,36,3,5
2482,18,4,5
2482,39,4,5
200,39,1,5
2482,44,2,5
2651,2,2,5
28,29,1,5
28,18,1,5
200,19,3,5
199,46,1,5
199,44,1,5
199,27,1,5
2651,9,2,5
200,18,1,5
2482,29,4,5
200,36,3,5
200,27,1,5
200,29,1,5
2482,42,1,5
200,7,1,5
200,49,3,5
2651,20,80,5
199,7,1,5
199,18,1,5
199,13,1,5
200,2,1,5
2482,33,1,5
2651,47,3,5
2651,19,5,5
199,20,89,5
2651,49,4,5
2651,39,2,5
2482,0,2,5
2651,43,2,5
28,20,66,5
28,54,19,5
199,19,5,5
199,29,2,5
199,39,2,5
199,47,2,5
2482,7,3,5
28,53,4,5
28,35,4,5
2482,13,2,5
199,54,25,5
2482,52,1,5
2482,51,1,5
199,43,4,5
199,49,4,5
2482,46,1,5
2482,45,1,5
28,39,1,5
2651,1,4,5
2482,37,1,5
2651,54,13,5
199,53,6,5
2651,53,14,5
2482,20,18,6
1593,53,1,6
1593,20,16,6
200,53,1,6
200,1,1,6
1593,54,5,6
200,20,18,6
2651,53,1,7
2482,47,1,7
2482,49,1,7
2482,36,1,7
2482,18,1,7
2482,29,1,7
1593,54,74,7
28,20,13,7
28,54,4,7
54,54,4,7
1593,20,179,7
2482,9,1,7
2482,2,3,7
1593,53,16,7
2482,54,7,7
2651,1,1,7
2484,39,1,7
2484,18,1,7
1593,2,5,7
1593,29,5,7
1593,36,5,7
199,20,13,7
1593,9,8,7
1593,19,8,7
1593,1,8,7
200,43,1,7
200,53,1,7
1593,35,5,7
2482,0,1,7
1593,18,4,7
54,35,1,7
2482,10,1,7
1593,49,4,7
2554,20,121,7
2554,37,1,7
2549,7,1,7
2549,37,1,7
2549,33,1,7
2549,29,1,7
2549,27,1,7
2549,39,1,7
2549,18,2,7
2554,35,3,7
2554,36,3,7
2554,43,3,7
54,20,16,7
2484,19,5,7
2484,35,5,7
2482,20,40,7
2484,53,9,7
2484,54,12,7
2549,36,2,7
2549,47,1,7
200,54,5,7
2482,19,2,7
2482,35,2,7
2554,54,53,7
2554,53,8,7
2554,1,7,7
1593,7,2,7
2554,9,6,7
2482,53,2,7
200,20,18,7
2549,46,1,7
2484,20,78,7
2554,49,5,7
2482,1,2,7
2484,43,4,7
2484,2,4,7
2554,39,2,7
2554,29,2,7
2549,54,33,7
2549,53,8,7
2549,1,5,7
1593,52,1,7
1593,37,1,7
1593,28,1,7
1593,27,1,7
1593,4,1,7
1593,13,1,7
2484,1,4,7
1593,47,4,7
2484,9,2,7
2484,29,2,7
2554,47,1,7
2554,7,1,7
2554,13,1,7
2554,18,1,7
2554,27,1,7
2549,20,94,7
2554,2,2,7
2484,27,2,7
2484,36,2,7
2484,47,2,7
1593,39,2,7
2554,19,6,7
2549,43,3,7
2549,35,3,7
1593,43,2,7
2549,2,3,7
2549,19,4,7
2549,49,3,7
2549,9,4,7
2484,49,2,7
199,29,2,8
199,2,3,8
199,1,3,8
54,2,3,8
2651,35,2,8
2651,39,2,8
2651,29,2,8
199,49,4,8
199,43,4,8
199,27,1,8
2482,19,15,8
199,18,1,8
199,44,1,8
199,13,1,8
199,7,1,8
199,47,2,8
54,43,3,8
28,29,1,8
28,7,1,8
28,0,1,8
2482,4,1,8
2482,5,1,8
2482,10,1,8
2482,27,1,8
2482,28,1,8
2482,33,1,8
2482,37,1,8
2482,42,1,8
2482,45,1,8
2482,46,1,8
2651,36,3,8
28,54,19,8
2651,47,3,8
2651,20,80,8
2651,1,3,8
2482,51,1,8
28,39,1,8
2482,52,1,8
2482,54,35,8
28,10,1,8
28,18,1,8
28,35,4,8
28,2,4,8
28,53,4,8
2482,20,183,8
2651,2,2,8
2651,7,2,8
2482,49,9,8
28,49,2,8
2651,49,5,8
54,29,1,8
54,36,1,8
54,27,1,8
28,47,2,8
54,0,1,8
28,19,3,8
28,43,2,8
2651,53,13,8
2651,54,13,8
2482,0,2,8
2482,44,2,8
199,9,3,8
54,1,2,8
54,9,2,8
199,35,3,8
199,36,3,8
54,47,2,8
54,49,2,8
199,39,3,8
199,53,6,8
28,1,2,8
28,9,2,8
28,36,2,8
199,19,6,8
2651,9,2,8
2651,19,6,8
2482,53,19,8
2482,13,2,8
2482,36,8,8
200,49,3,8
200,29,1,8
2651,28,1,8
200,27,1,8
200,18,1,8
54,53,4,8
2482,39,5,8
2482,1,5,8
54,35,4,8
200,2,1,8
200,7,1,8
200,39,1,8
2651,37,1,8
2651,43,1,8
2651,18,1,8
2651,13,1,8
2482,43,6,8
2482,9,6,8
54,19,4,8
2482,7,4,8
199,20,93,8
2482,18,4,8
2482,29,4,8
200,47,2,8
200,19,4,8
200,43,5,8
200,53,5,8
200,54,15,8
200,20,65,8
28,20,69,8
54,20,63,8
54,54,16,8
200,9,2,8
200,1,2,8
200,35,2,8
199,54,26,8
200,36,3,8
2482,35,7,8
2482,2,7,8
2482,47,7,8
199,2,2,9
199,9,2,9
54,27,1,9
199,1,2,9
199,36,2,9
199,39,2,9
54,39,1,9
54,29,1,9
28,35,4,9
28,19,4,9
200,18,1,9
200,20,59,9
28,20,84,9
199,43,3,9
54,20,74,9
54,54,19,9
200,35,2,9
200,1,2,9
199,35,3,9
200,49,3,9
200,36,3,9
200,54,12,9
200,19,4,9
199,19,5,9
199,53,5,9
28,54,25,9
200,43,5,9
200,53,6,9
199,49,4,9
199,54,18,9
28,53,5,9
199,20,66,9
54,2,5,9
54,53,4,9
28,52,1,9
28,36,2,9
28,1,3,9
200,29,1,9
28,7,1,9
54,47,2,9
28,2,4,9
28,39,1,9
200,9,1,9
200,7,1,9
200,2,1,9
28,18,2,9
54,49,2,9
200,27,1,9
54,1,2,9
199,47,1,9
199,7,1,9
28,29,1,9
54,9,2,9
54,36,2,9
28,10,1,9
28,0,1,9
199,29,1,9
200,39,1,9
54,35,4,9
28,43,2,9
200,47,1,9
54,43,4,9
28,47,2,9
28,49,2,9
28,9,3,9
54,18,1,9
54,0,1,9
54,19,4,9
200,1,1,10
200,53,1,10
2482,20,17,10
200,43,1,10
200,54,4,10
200,20,17,10
2484,49,1,11
54,20,16,11
2484,35,3,11
2484,19,3,11
1593,49,5,11
2484,47,1,11
2484,39,1,11
2484,29,1,11
2484,28,1,11
2484,27,1,11
2484,43,4,11
2484,53,8,11
54,54,5,11
1593,29,2,11
1593,39,2,11
1593,47,2,11
1593,7,2,11
1593,18,2,11
1593,53,16,11
1593,36,5,11
1593,9,9,11
2484,54,14,11
1593,35,3,11
1593,2,3,11
1593,1,6,11
1593,19,6,11
2484,20,68,11
28,20,14,11
54,35,1,11
1593,54,85,11
54,2,1,11
28,54,4,11
1593,28,1,11
2484,1,3,11
2484,2,3,11
1593,20,168,11
2484,36,2,11
2484,9,2,11
1593,37,1,11
1593,43,1,11
1593,13,1,11
28,2,1,11
2482,49,1,11
2482,19,2,11
2549,54,20,11
2549,20,52,11
199,20,15,11
2482,47,1,11
2482,43,1,11
2482,36,1,11
2482,10,1,11
2482,9,1,11
2482,1,1,11
2482,0,1,11
2482,54,7,11
2482,35,3,11
2482,53,3,11
2651,53,1,11
2482,29,1,11
2482,18,1,11
2482,2,4,11
2549,39,1,11
2549,36,1,11
2549,35,1,11
2549,18,1,11
2549,2,1,11
2549,49,1,11
2651,20,12,11
2549,43,2,11
2549,9,2,11
2549,1,2,11
200,43,1,11
2549,53,3,11
200,53,1,11
2549,19,2,11
2482,20,45,11
200,54,6,11
200,20,21,11
2482,7,3,12
199,54,25,12
2651,29,2,12
2651,39,2,12
200,9,2,12
200,35,2,12
200,1,2,12
200,36,3,12
200,49,3,12
2651,35,2,12
200,19,4,12
2482,44,2,12
2651,36,3,12
199,49,4,12
200,20,63,12
2651,2,2,12
2651,9,2,12
200,43,5,12
200,54,13,12
199,43,4,12
28,20,66,12
2651,1,3,12
2651,47,3,12
200,29,1,12
200,27,1,12
200,2,1,12
199,20,91,12
200,39,1,12
2482,13,2,12
2482,42,1,12
2482,52,1,12
2482,51,1,12
2482,28,1,12
2482,0,2,12
200,7,1,12
54,19,4,12
2482,10,1,12
2482,5,1,12
2482,4,1,12
200,18,1,12
2482,46,1,12
54,54,15,12
54,53,4,12
54,35,4,12
2482,45,1,12
54,47,2,12
54,1,2,12
200,47,2,12
54,20,62,12
199,53,6,12
54,49,2,12
2482,27,1,12
2482,37,1,12
2482,33,1,12
199,19,6,12
54,43,3,12
54,2,3,12
2482,53,20,12
2482,54,33,12
199,18,2,12
28,35,4,12
28,53,4,12
2651,19,6,12
2651,54,12,12
28,2,3,12
28,19,3,12
2651,53,14,12
28,43,2,12
28,47,2,12
28,49,2,12
28,1,2,12
28,9,2,12
2651,20,77,12
28,39,1,12
28,36,1,12
28,29,1,12
28,18,1,12
28,0,1,12
199,44,1,12
199,7,1,12
199,13,1,12
199,27,1,12
2482,20,179,12
199,47,2,12
199,39,2,12
2651,49,4,12
199,29,2,12
200,53,6,12
199,1,3,12
2482,43,6,12
28,54,18,12
2482,19,15,12
2651,18,1,12
2651,28,1,12
2482,29,5,12
2651,13,1,12
2651,7,1,12
2651,43,1,12
54,9,1,12
54,29,1,12
54,27,1,12
2482,47,7,12
54,36,1,12
2482,36,7,12
2482,49,9,12
2482,35,8,12
2482,2,7,12
2482,1,5,12
2482,18,5,12
199,9,3,12
199,2,3,12
199,35,3,12
2482,9,5,12
199,36,3,12
54,0,1,12
2482,39,5,12
28,2,1,13
2484,53,9,13
1593,35,3,13
2484,54,14,13
2484,2,4,13
2484,43,4,13
2482,19,2,13
1593,9,9,13
2484,27,1,13
2484,28,1,13
2484,29,1,13
2484,18,1,13
2484,47,1,13
2484,49,1,13
2484,39,1,13
1593,36,5,13
1593,49,5,13
200,54,6,13
1593,29,2,13
1593,1,6,13
1593,53,17,13
1593,19,7,13
2484,35,3,13
2482,29,1,13
2482,36,1,13
2482,43,1,13
2482,49,1,13
2482,0,1,13
2482,1,1,13
2482,9,1,13
2482,10,1,13
2482,18,1,13
1593,54,86,13
28,54,5,13
200,43,1,13
2484,1,3,13
2484,19,3,13
2484,9,2,13
2484,36,2,13
1593,2,3,13
200,53,1,13
2484,20,69,13
28,20,15,13
1593,20,173,13
2549,9,2,13
2549,19,2,13
2549,53,4,13
2482,47,2,13
1593,28,1,13
1593,43,1,13
2482,53,3,13
2482,35,3,13
54,20,16,13
1593,37,1,13
1593,13,1,13
2549,54,20,13
2549,20,51,13
199,20,15,13
2482,54,7,13
54,2,1,13
54,35,1,13
2651,53,1,13
2482,2,4,13
2549,1,2,13
54,54,5,13
2549,49,1,13
2549,36,1,13
2549,18,1,13
2482,20,48,13
2549,43,2,13
2549,35,1,13
1593,39,2,13
1593,18,2,13
2549,39,1,13
200,20,20,13
1593,7,2,13
1593,47,2,13
199,20,67,14
28,52,1,14
28,47,2,14
199,35,3,14
28,0,1,14
28,29,1,14
28,13,1,14
28,7,1,14
28,10,1,14
199,43,3,14
28,54,24,14
28,1,3,14
199,7,1,14
28,49,3,14
28,9,3,14
28,36,2,14
199,27,1,14
28,53,5,14
199,29,1,14
199,47,1,14
199,39,2,14
199,36,2,14
199,2,2,14
199,1,2,14
28,35,4,14
28,19,4,14
28,2,4,14
199,9,2,14
28,43,2,14
28,18,1,14
200,1,2,14
199,53,4,14
200,9,2,14
200,35,2,14
199,19,5,14
200,47,1,14
54,54,19,14
200,27,1,14
200,29,1,14
200,18,1,14
54,19,4,14
200,2,1,14
54,35,4,14
54,43,4,14
200,7,1,14
54,2,5,14
200,39,1,14
54,53,4,14
200,49,3,14
200,36,3,14
200,54,12,14
200,43,5,14
200,53,5,14
200,20,59,14
28,20,83,14
28,39,1,14
199,49,4,14
200,19,4,14
54,0,1,14
54,20,74,14
54,39,1,14
54,27,1,14
54,18,1,14
54,49,2,14
199,54,18,14
54,1,2,14
54,29,1,14
54,9,2,14
54,36,2,14
54,47,2,14
199,13,1,15
28,18,1,15
28,10,1,15
2651,20,79,15
28,0,1,15
199,39,2,15
199,18,1,15
199,7,1,15
28,39,1,15
2482,20,176,15
28,29,1,15
199,27,1,15
199,44,1,15
199,29,1,15
2651,35,2,15
2651,39,2,15
2651,2,2,15
2651,9,2,15
2651,47,3,15
2651,36,3,15
199,20,89,15
2482,18,4,15
2482,7,3,15
199,35,3,15
2482,39,4,15
199,54,25,15
199,36,3,15
199,47,3,15
199,9,3,15
199,19,5,15
199,2,3,15
2651,18,1,15
199,53,6,15
2482,44,2,15
2482,13,2,15
2482,0,2,15
2482,27,1,15
2482,28,1,15
2482,33,1,15
199,43,4,15
2651,1,4,15
199,49,4,15
2482,53,19,15
2651,19,5,15
2651,49,5,15
2651,54,13,15
2651,53,13,15
2482,54,34,15
2482,19,14,15
2482,49,8,15
2482,10,1,15
2651,7,1,15
2651,13,1,15
2651,28,1,15
2651,29,1,15
2651,37,1,15
2482,37,1,15
2651,43,1,15
2482,1,5,15
2482,9,5,15
2482,42,1,15
2482,45,1,15
2482,46,1,15
2482,51,1,15
2482,52,1,15
2482,4,1,15
2482,43,6,15
2482,5,1,15
2482,36,7,15
2482,35,7,15
2482,47,7,15
2482,2,7,15
199,1,3,15
2482,29,4,15
200,19,3,15
54,36,1,15
54,29,1,15
54,0,1,15
54,27,1,15
28,35,4,15
28,53,4,15
28,54,18,15
54,47,2,15
28,20,65,15
54,49,2,15
54,9,1,15
54,43,3,15
54,19,3,15
54,2,3,15
28,36,2,15
54,1,2,15
28,9,2,15
28,1,2,15
54,53,3,15
200,2,1,15
200,27,1,15
200,49,3,15
200,36,3,15
28,49,2,15
200,53,5,15
200,43,6,15
200,54,15,15
200,1,2,15
200,9,2,15
200,35,2,15
200,47,2,15
200,20,64,15
54,20,61,15
28,43,2,15
28,47,2,15
54,54,16,15
54,35,4,15
200,29,1,15
200,7,1,15
200,18,1,15
200,39,1,15
28,2,3,15
28,19,3,15
28,20,83,16
200,20,57,16
2482,47,2,16
2651,44,1,16
200,54,11,16
54,20,72,16
2482,44,2,16
200,53,5,16
199,20,67,16
200,43,5,16
2482,43,4,16
2482,9,4,16
2482,18,2,16
2482,1,3,16
54,1,2,16
2482,28,3,16
54,9,2,16
54,36,2,16
2651,39,2,16
2651,47,2,16
2651,7,2,16
54,7,1,16
199,54,18,16
54,0,1,16
54,18,1,16
54,19,4,16
54,53,4,16
54,49,2,16
54,39,1,16
2482,13,2,16
54,29,1,16
2482,7,2,16
54,27,1,16
54,43,4,16
54,35,4,16
2482,39,3,16
54,2,5,16
2482,35,3,16
2482,29,3,16
54,47,2,16
54,54,18,16
2651,0,1,16
2482,53,29,16
2651,13,1,16
2482,36,5,16
2482,49,5,16
2651,37,1,16
2482,19,7,16
2482,2,7,16
200,19,4,16
28,54,25,16
28,53,5,16
199,9,2,16
199,2,2,16
199,1,2,16
199,39,2,16
2651,2,5,16
28,35,4,16
2651,49,5,16
199,36,2,16
199,35,2,16
28,19,4,16
28,2,4,16
2651,19,7,16
28,1,3,16
28,9,3,16
2651,53,28,16
2651,36,4,16
2651,9,4,16
2651,54,34,16
28,49,2,16
199,27,1,16
199,7,1,16
28,18,1,16
28,13,1,16
28,10,1,16
28,7,1,16
28,52,1,16
28,39,1,16
28,29,1,16
28,0,1,16
199,47,1,16
2651,20,131,16
28,47,2,16
28,43,2,16
28,36,2,16
2482,54,35,16
200,36,3,16
200,49,3,16
2651,18,2,16
200,35,2,16
200,1,2,16
200,47,1,16
200,39,1,16
200,29,1,16
200,27,1,16
200,7,1,16
200,18,1,16
2651,29,2,16
200,9,1,16
199,19,5,16
200,2,1,16
2482,20,142,16
199,53,4,16
199,49,4,16
2651,28,3,16
2651,43,3,16
2651,35,3,16
199,43,3,16
2482,37,1,16
2482,0,1,16
2651,1,3,16
2549,43,2,17
2549,19,2,17
2549,9,2,17
2549,1,2,17
2549,53,3,17
2549,49,1,17
2549,39,1,17
2549,35,1,17
2549,18,1,17
28,2,1,17
2549,20,48,17
2651,20,12,17
28,54,5,17
28,20,14,17
2549,54,18,17
199,20,15,17
2651,53,1,17
2484,18,1,17
1593,1,6,17
1593,19,6,17
1593,20,161,17
1593,54,81,17
1593,53,15,17
1593,9,8,17
2484,2,3,17
2484,1,3,17
2484,19,4,17
2484,43,4,17
1593,2,3,17
1593,35,3,17
2484,53,8,17
2484,54,13,17
2484,20,66,17
1593,18,2,17
1593,47,2,17
1593,39,2,17
1593,29,2,17
2482,19,2,17
2482,47,2,17
2482,53,3,17
2482,35,3,17
2484,35,3,17
1593,49,4,17
2484,9,2,17
2482,0,1,17
2482,1,1,17
2482,9,1,17
2482,10,1,17
2482,49,1,17
2482,18,1,17
2482,29,1,17
2482,36,1,17
2482,43,1,17
2484,27,1,17
2484,49,1,17
2484,28,1,17
2484,39,1,17
2484,47,1,17
2484,29,1,17
2484,36,2,17
1593,36,4,17
2482,2,3,17
54,54,4,17
54,35,1,17
54,2,1,17
200,53,1,17
200,43,1,17
200,54,5,17
200,20,19,17
54,20,16,17
2482,54,7,17
1593,28,1,17
1593,37,1,17
1593,13,1,17
1593,7,1,17
1593,43,1,17
2482,20,46,17
2482,20,161,21
28,49,1,21
28,36,1,21
28,18,1,21
200,43,5,21
200,53,5,21
199,1,3,21
199,35,3,21
2651,19,5,21
200,54,12,21
200,20,58,21
199,49,3,21
199,9,3,21
54,54,15,21
54,20,56,21
54,49,1,21
54,47,1,21
54,36,1,21
54,29,1,21
28,20,58,21
199,44,1,21
54,2,3,21
54,19,3,21
28,54,17,21
54,35,3,21
54,43,3,21
54,53,3,21
28,53,4,21
54,1,2,21
199,29,1,21
28,19,3,21
200,27,1,21
200,29,1,21
200,1,2,21
200,9,2,21
200,49,2,21
200,36,3,21
200,19,3,21
28,47,2,21
28,43,2,21
28,9,2,21
28,1,2,21
2651,53,12,21
2651,54,11,21
199,47,2,21
199,2,2,21
199,36,2,21
199,39,2,21
200,18,1,21
28,2,3,21
200,7,1,21
200,35,1,21
28,35,3,21
199,7,1,21
199,13,1,21
199,18,1,21
199,27,1,21
54,9,1,21
2482,19,13,21
2482,53,17,21
2482,54,32,21
2651,20,69,21
200,47,1,21
200,39,1,21
200,2,1,21
2651,9,2,21
2651,29,1,21
2651,28,1,21
2651,18,1,21
2651,43,1,21
2651,7,1,21
2651,2,1,21
2482,9,5,21
2482,1,5,21
2651,35,1,21
2651,39,1,21
2482,13,2,21
2651,36,2,21
2651,47,2,21
2482,36,6,21
2482,7,3,21
2482,29,4,21
2482,39,4,21
199,20,82,21
2482,18,4,21
199,54,23,21
2482,0,2,21
2482,35,6,21
2482,47,6,21
2482,2,6,21
2482,49,7,21
2482,43,7,21
199,53,5,21
2651,1,3,21
2651,49,3,21
2482,45,1,21
2482,52,1,21
2482,51,1,21
2482,42,1,21
2482,4,1,21
2482,5,1,21
2482,10,1,21
2482,27,1,21
2482,28,1,21
2482,33,1,21
199,43,4,21
2482,37,1,21
2482,46,1,21
2482,44,2,21
199,19,5,21
28,20,12,23
200,20,17,23
54,20,14,23
1593,52,1,23
1593,20,159,23
54,54,4,23
200,54,5,23
200,43,1,23
200,53,1,23
1593,18,4,23
1593,2,4,23
2482,1,1,23
2549,29,1,23
2554,49,4,23
2484,2,3,23
2484,1,3,23
2484,19,4,23
2484,35,4,23
2484,43,4,23
1593,29,4,23
2484,53,7,23
2484,54,12,23
1593,47,3,23
2484,20,69,23
2554,20,109,23
2554,9,5,23
2554,19,5,23
1593,35,4,23
2482,9,1,23
2554,35,2,23
2554,39,2,23
2554,43,2,23
2549,49,2,23
2549,18,2,23
2549,2,2,23
2554,36,3,23
2549,7,1,23
2549,27,1,23
2549,47,1,23
2549,46,1,23
1593,49,4,23
2549,39,1,23
2484,47,1,23
2484,49,1,23
2484,39,1,23
2484,18,1,23
2549,36,1,23
2482,36,1,23
2482,47,1,23
2484,9,2,23
2484,29,2,23
2484,36,2,23
2482,18,1,23
2549,37,1,23
2482,2,2,23
2554,53,7,23
2554,1,7,23
1593,7,1,23
1593,13,1,23
1593,4,1,23
2482,19,2,23
2482,35,2,23
2482,53,2,23
199,20,12,23
2554,54,47,23
1593,43,2,23
1593,39,2,23
2651,53,1,23
2651,1,1,23
2482,54,6,23
1593,37,1,23
1593,27,1,23
1593,28,1,23
2554,2,2,23
2549,19,3,23
2484,27,2,23
2549,43,3,23
2554,18,1,23
2549,9,3,23
2549,20,85,23
2549,54,30,23
2482,20,35,23
2549,53,7,23
28,54,4,23
2554,29,1,23
2554,37,1,23
2554,47,1,23
1593,54,67,23
2554,27,1,23
2554,7,1,23
2554,13,1,23
2549,1,5,23
1593,1,8,23
1593,9,7,23
1593,19,7,23
1593,36,5,23
1593,53,13,23
2549,35,3,23
54,2,3,24
54,19,3,24
54,43,3,24
54,35,3,24
54,49,1,24
54,47,1,24
54,36,1,24
54,20,55,24
54,29,1,24
54,27,1,24
54,0,1,24
54,9,1,24
2482,19,13,24
2482,53,17,24
2482,54,31,24
2482,20,165,24
54,53,4,24
54,1,2,24
54,54,13,24
28,53,4,24
28,2,3,24
28,35,3,24
199,43,4,24
199,49,4,24
199,35,3,24
199,44,1,24
199,46,1,24
199,36,3,24
199,1,3,24
199,2,3,24
199,9,3,24
2482,27,1,24
2482,5,1,24
2482,4,1,24
28,20,58,24
2651,49,4,24
2482,44,2,24
2651,39,2,24
2651,9,2,24
28,54,15,24
199,19,5,24
199,53,5,24
2482,33,1,24
2482,37,1,24
2482,42,1,24
2482,45,1,24
2482,46,1,24
2482,51,1,24
2482,52,1,24
2482,28,1,24
2651,35,2,24
28,10,1,24
28,0,1,24
28,18,1,24
28,36,1,24
28,29,1,24
2651,19,4,24
199,18,1,24
199,27,1,24
199,29,1,24
199,13,1,24
2651,20,72,24
199,7,1,24
28,19,2,24
28,49,2,24
2651,1,3,24
2651,36,3,24
2651,47,3,24
28,47,2,24
28,43,2,24
28,9,2,24
28,1,2,24
2651,53,12,24
2651,54,11,24
199,47,2,24
199,39,2,24
2482,49,8,24
2482,29,4,24
2482,39,4,24
199,20,84,24
2482,7,3,24
199,54,22,24
2482,0,2,24
2482,10,2,24
200,47,1,24
2482,18,4,24
200,39,1,24
200,29,1,24
200,27,1,24
200,7,1,24
200,2,1,24
2482,13,2,24
200,35,1,24
2482,9,5,24
2651,43,1,24
2482,43,6,24
2482,1,5,24
200,20,60,24
200,54,13,24
200,43,5,24
200,53,5,24
2482,47,6,24
200,19,3,24
200,49,2,24
200,36,3,24
200,9,2,24
2651,29,1,24
2651,28,1,24
2651,18,1,24
200,1,2,24
2651,2,1,24
2482,2,7,24
2651,7,1,24
200,18,1,24
2482,36,7,24
2482,35,6,24
2549,18,1,25
2549,35,1,25
2549,49,1,25
2549,9,2,25
2549,19,2,25
2549,43,2,25
2549,1,2,25
2482,54,6,25
199,20,14,25
2651,53,1,25
2482,35,2,25
2482,19,2,25
2482,2,3,25
2482,53,3,25
200,43,1,25
200,53,1,25
2482,0,1,25
2482,1,1,25
2482,9,1,25
2482,10,1,25
2482,18,1,25
2482,29,1,25
200,54,5,25
2482,36,1,25
2482,43,1,25
2482,49,1,25
2549,54,18,25
2482,20,40,25
2651,20,11,25
2549,53,3,25
2549,20,45,25
2482,47,1,25
200,20,18,25
1593,7,1,25
2484,49,1,25
2484,39,1,25
2484,36,1,25
2484,29,1,25
54,54,4,25
28,54,4,25
2484,27,1,25
2484,18,1,25
1593,53,13,25
2484,9,1,25
1593,19,5,25
1593,1,6,25
1593,9,8,25
54,20,14,25
2484,35,2,25
1593,37,1,25
1593,28,1,25
1593,29,1,25
1593,43,1,25
1593,2,2,25
1593,47,1,25
1593,18,2,25
28,20,13,25
1593,35,2,25
1593,20,144,25
1593,54,73,25
2484,54,12,25
2484,20,60,25
1593,36,3,25
1593,49,3,25
2484,53,7,25
2484,43,4,25
2484,19,3,25
2484,2,3,25
2484,1,3,25
1593,39,2,25
28,36,2,26
54,43,3,26
54,2,4,26
28,43,2,26
54,19,4,26
199,49,4,26
28,47,2,26
28,49,2,26
28,18,2,26
199,43,3,26
200,19,4,26
54,35,4,26
200,49,3,26
2651,43,3,26
2651,36,3,26
2651,9,3,26
2651,2,3,26
199,19,5,26
28,0,1,26
28,7,1,26
28,10,1,26
28,13,1,26
28,29,1,26
2651,1,4,26
28,39,1,26
28,52,1,26
200,54,10,26
200,36,3,26
200,1,2,26
2651,19,7,26
200,35,2,26
199,53,5,26
2651,39,2,26
2651,49,5,26
200,18,1,26
28,20,80,26
200,9,1,26
200,7,1,26
200,2,1,26
200,29,1,26
200,27,1,26
200,39,1,26
2651,47,2,26
200,47,1,26
200,43,5,26
200,53,6,26
54,53,4,26
199,2,2,26
28,35,4,26
28,2,4,26
28,1,3,26
28,9,3,26
199,29,1,26
199,47,1,26
2482,0,1,26
2482,37,1,26
28,53,6,26
28,19,5,26
2482,27,1,26
199,7,1,26
2651,20,117,26
2651,35,2,26
28,54,23,26
54,20,69,26
54,54,16,26
2651,54,26,26
2651,53,25,26
199,39,2,26
199,36,2,26
199,35,2,26
199,9,2,26
199,1,2,26
2651,7,2,26
2482,18,3,26
2651,29,2,26
2651,28,2,26
54,29,1,26
54,39,1,26
2482,53,28,26
2482,54,33,26
2482,20,153,26
54,27,1,26
54,18,1,26
54,7,1,26
54,0,1,26
2482,49,7,26
2482,19,9,26
54,1,2,26
54,9,2,26
54,36,2,26
54,47,2,26
2482,2,7,26
2482,44,2,26
2482,28,2,26
2482,13,2,26
199,54,16,26
2482,52,1,26
2482,29,3,26
2482,35,3,26
199,20,64,26
2482,39,3,26
2482,7,3,26
2482,47,3,26
200,20,56,26
2482,9,5,26
2482,43,5,26
2482,36,5,26
2651,13,1,26
2651,18,1,26
2651,44,1,26
2651,37,1,26
2482,1,4,26
2482,46,1,26
54,49,2,26
2482,20,19,27
200,53,1,27
200,20,17,27
2482,53,1,27
200,1,1,27
1593,20,15,27
1593,53,1,27
200,20,17,28
200,1,1,28
200,43,1,28
200,54,4,28
200,53,1,28
2482,20,17,28
2482,53,1,29
2482,20,17,29
1593,20,14,29
200,20,17,29
200,1,1,29
200,53,1,29
1593,7,1,30
1593,47,2,30
1593,39,2,30
1593,35,2,30
1593,18,2,30
1593,28,1,30
2482,54,6,30
1593,29,1,30
1593,43,1,30
2482,20,40,30
1593,37,1,30
1593,20,146,30
2651,53,1,30
1593,19,5,30
1593,54,69,30
28,54,4,30
1593,53,15,30
2651,20,11,30
1593,9,8,30
2482,49,1,30
2482,0,1,30
2482,1,1,30
2482,9,1,30
2482,10,1,30
2482,18,1,30
2482,29,1,30
2482,36,1,30
2482,43,1,30
2482,47,1,30
1593,1,6,30
200,43,1,30
200,53,1,30
1593,36,5,30
2482,35,2,30
199,20,14,30
2482,2,3,30
200,20,19,30
28,20,13,30
2482,19,2,30
2482,53,2,30
1593,2,3,30
28,2,1,30
2484,9,1,30
2484,27,1,30
2484,39,1,30
2484,47,1,30
2484,49,1,30
2484,29,1,30
2484,36,2,30
2484,35,3,30
2484,1,3,30
2484,2,3,30
200,54,5,30
2484,19,3,30
1593,49,4,30
2484,43,4,30
2484,53,8,30
2484,54,12,30
2484,20,63,30
2549,53,3,30
54,20,14,30
2549,9,2,30
2549,43,2,30
2549,19,2,30
54,2,1,30
2549,20,47,30
2549,54,17,30
2549,49,1,30
2549,36,1,30
2549,39,1,30
2549,2,1,30
2549,18,1,30
2549,35,1,30
54,54,4,30
2549,1,2,30
199,13,1,31
2482,51,1,31
199,46,1,31
199,7,1,31
2482,52,1,31
199,27,1,31
199,44,1,31
2482,45,1,31
2482,36,7,31
2482,49,7,31
2482,2,7,31
28,54,17,31
2482,46,1,31
2482,7,3,31
2482,42,1,31
2482,37,1,31
2482,33,1,31
2482,28,1,31
2482,5,1,31
2482,4,1,31
28,53,4,31
28,35,3,31
28,2,3,31
199,9,3,31
199,2,3,31
199,1,3,31
2651,19,4,31
2651,1,4,31
2651,49,4,31
28,0,1,31
28,10,1,31
28,18,1,31
28,29,1,31
28,36,1,31
28,1,2,31
28,9,2,31
199,35,3,31
28,43,2,31
28,49,2,31
28,19,2,31
28,47,2,31
199,36,3,31
2651,47,3,31
199,54,25,31
2651,9,2,31
2651,2,2,31
2651,35,2,31
2651,39,2,31
54,2,3,31
54,19,3,31
54,53,3,31
54,43,3,31
199,20,88,31
199,53,6,31
2482,29,4,31
2482,18,4,31
2482,39,4,31
2482,44,2,31
2482,27,2,31
2482,10,2,31
2482,13,2,31
199,19,5,31
2651,43,1,31
2651,29,1,31
2651,28,1,31
2651,18,1,31
2651,7,1,31
199,43,4,31
199,49,4,31
2651,36,3,31
2482,9,5,31
54,35,4,31
199,39,2,31
199,29,2,31
54,54,15,31
199,47,2,31
199,18,2,31
2482,47,6,31
54,20,57,31
2482,43,6,31
2651,20,73,31
2482,1,6,31
2651,53,12,31
2651,54,12,31
28,20,60,31
2482,0,3,31
2482,53,18,31
2482,54,34,31
200,43,5,31
200,53,5,31
200,36,3,31
200,49,3,31
2482,20,173,31
2482,19,13,31
200,54,15,31
200,20,62,31
200,19,3,31
200,18,1,31
200,27,1,31
200,7,1,31
200,2,1,31
54,49,1,31
54,47,1,31
54,36,1,31
54,29,1,31
200,39,1,31
54,9,1,31
54,1,1,31
54,0,1,31
2482,35,8,31
54,27,1,31
200,29,1,31
200,47,2,31
200,35,2,31
200,9,2,31
200,1,2,31
2482,18,3,32
2651,47,2,32
2651,7,2,32
2482,47,3,32
2651,29,2,32
2651,39,2,32
2651,28,2,32
199,20,61,32
2482,29,3,32
2482,35,3,32
2482,39,3,32
199,54,16,32
2651,1,4,32
28,0,1,32
28,7,1,32
28,18,1,32
28,29,1,32
28,39,1,32
28,52,1,32
2482,7,3,32
199,43,3,32
199,49,3,32
2482,20,152,32
2651,13,1,32
2651,18,1,32
2651,35,1,32
2482,54,31,32
2482,53,27,32
199,19,5,32
2651,37,1,32
2651,44,1,32
199,53,4,32
2651,46,1,32
2651,2,3,32
2651,9,3,32
2651,36,3,32
2651,43,3,32
2482,44,2,32
2482,28,2,32
2482,13,2,32
2482,43,5,32
2482,36,5,32
2482,9,5,32
2482,1,5,32
54,29,1,32
54,36,1,32
54,49,1,32
28,20,72,32
200,18,1,32
200,9,1,32
200,7,1,32
200,27,1,32
200,29,1,32
200,47,1,32
200,39,1,32
200,35,1,32
54,1,2,32
54,9,2,32
54,47,2,32
2482,19,9,32
28,53,5,32
28,19,4,32
54,27,1,32
2482,27,1,32
2482,4,1,32
199,47,1,32
199,7,1,32
2482,33,1,32
2482,37,1,32
54,19,3,32
2482,52,1,32
200,49,3,32
200,36,3,32
200,1,2,32
2482,46,1,32
200,19,4,32
2482,49,7,32
28,54,21,32
54,35,3,32
54,43,3,32
28,2,3,32
2482,0,1,32
28,35,3,32
28,49,2,32
28,1,3,32
28,47,2,32
28,43,2,32
28,36,2,32
2651,49,5,32
28,9,2,32
54,53,4,32
199,2,2,32
199,1,2,32
199,9,2,32
199,36,2,32
2651,54,21,32
199,35,2,32
199,39,2,32
2651,53,23,32
54,54,15,32
54,20,62,32
200,54,10,32
200,53,6,32
2482,2,6,32
2651,20,106,32
200,43,5,32
54,2,4,32
54,0,1,32
54,18,1,32
200,20,55,32
2651,19,7,32
2482,20,17,33
200,1,1,33
200,54,4,33
200,43,1,33
200,53,1,33
2482,2,1,33
200,20,17,33
54,35,1,34
54,2,1,34
2549,54,20,34
200,43,1,34
200,53,1,34
2549,20,51,34
28,20,13,34
1593,54,80,34
28,54,4,34
2482,10,1,34
2482,9,1,34
2482,1,1,34
2482,0,1,34
2482,18,1,34
2482,54,7,34
1593,20,162,34
1593,37,1,34
1593,43,1,34
2549,2,1,34
2549,39,1,34
2549,36,1,34
2549,35,1,34
2549,18,1,34
2549,49,1,34
2482,20,42,34
2549,1,3,34
2549,53,4,34
200,20,20,34
2482,49,1,34
200,54,6,34
1593,28,1,34
1593,13,1,34
2549,9,2,34
2549,19,2,34
2549,43,2,34
1593,7,1,34
2482,47,1,34
2482,36,1,34
2482,43,1,34
2651,53,1,34
2482,19,2,34
1593,39,2,34
2482,53,2,34
1593,29,2,34
2484,54,15,34
2484,39,1,34
2484,29,1,34
2484,28,1,34
2484,27,1,34
2484,9,2,34
2484,36,2,34
2484,20,69,34
2484,19,3,34
1593,49,4,34
2484,43,4,34
2484,2,4,34
2484,53,8,34
1593,35,3,34
1593,2,3,34
2484,35,3,34
1593,47,2,34
1593,18,2,34
2482,35,3,34
2482,2,3,34
199,20,15,34
2484,47,1,34
2484,49,1,34
2484,1,3,34
1593,1,6,34
54,20,15,34
2482,29,1,34
1593,36,5,34
1593,19,6,34
1593,53,16,34
54,54,4,34
1593,9,9,34
28,29,1,35
54,20,65,35
54,54,16,35
199,36,2,35
199,53,5,35
199,19,5,35
199,20,70,35
28,2,4,35
199,47,1,35
199,27,1,35
199,7,1,35
199,13,1,35
199,54,19,35
28,35,4,35
54,43,3,35
28,1,3,35
28,53,5,35
28,9,3,35
199,29,1,35
28,19,4,35
199,39,2,35
28,18,1,35
54,49,2,35
54,47,2,35
54,36,2,35
54,1,2,35
54,9,2,35
199,43,3,35
54,2,4,35
54,35,4,35
54,53,4,35
54,27,1,35
54,29,1,35
54,39,1,35
54,18,1,35
54,0,1,35
199,49,4,35
200,2,1,35
200,7,1,35
200,27,1,35
200,29,1,35
200,39,1,35
200,47,1,35
200,18,1,35
54,19,3,35
28,39,1,35
28,52,1,35
28,10,1,35
28,0,1,35
28,7,1,35
199,1,3,35
199,35,3,35
28,20,78,35
199,2,2,35
200,9,2,35
200,35,2,35
200,1,2,35
200,36,3,35
200,19,3,35
200,49,3,35
200,43,5,35
200,53,6,35
200,54,12,35
28,43,2,35
28,47,2,35
28,49,2,35
28,54,23,35
200,20,59,35
199,9,2,35
28,36,2,35
2482,9,6,35
2651,20,112,35
2482,18,3,35
2482,29,3,35
2651,43,3,35
2482,19,9,35
2651,35,2,35
2482,27,1,35
2651,13,1,35
2482,39,4,35
2651,54,23,35
2651,53,24,35
2651,2,3,35
2482,7,4,35
2482,35,4,35
2482,2,6,35
2651,19,6,35
2482,33,1,35
2482,36,7,35
2482,37,1,35
2482,43,6,35
2482,46,1,35
2482,51,1,35
2482,52,1,35
2651,1,4,35
2482,0,1,35
2482,10,1,35
2482,4,1,35
2651,18,1,35
2651,27,1,35
2482,44,2,35
2482,28,2,35
2482,53,30,35
2482,13,2,35
2482,20,168,35
2651,49,6,35
2651,44,1,35
2651,46,1,35
2651,37,1,35
2482,47,4,35
2651,9,3,35
2651,7,2,35
2482,54,35,35
2651,28,2,35
2651,36,3,35
2651,39,2,35
2482,49,8,35
2651,47,2,35
2651,29,2,35
2482,1,5,35
2482,43,6,36
28,53,4,36
54,0,1,36
54,47,1,36
54,49,1,36
54,36,1,36
54,29,1,36
54,9,1,36
54,1,1,36
54,27,1,36
2482,53,17,36
28,20,60,36
2651,9,2,36
28,29,1,36
28,36,1,36
28,2,3,36
28,35,3,36
28,1,2,36
28,9,2,36
54,20,57,36
28,49,2,36
28,47,2,36
28,43,2,36
28,19,2,36
2651,19,5,36
199,39,2,36
28,0,1,36
199,47,2,36
199,18,2,36
199,29,2,36
199,53,6,36
2651,49,4,36
2651,1,4,36
2482,36,7,36
2482,2,7,36
2651,35,2,36
2651,39,2,36
28,54,17,36
2651,2,2,36
2482,1,6,36
200,29,1,36
200,47,2,36
200,35,2,36
200,9,2,36
2482,47,6,36
2651,54,12,36
2651,53,12,36
199,20,90,36
2482,18,4,36
2482,29,4,36
200,27,1,36
200,18,1,36
200,7,1,36
2482,39,4,36
28,10,1,36
2482,54,35,36
199,49,4,36
199,43,4,36
199,35,4,36
54,53,3,36
54,43,3,36
54,19,3,36
54,2,3,36
2482,0,3,36
2482,7,3,36
2482,49,8,36
2482,35,8,36
200,20,63,36
2482,10,2,36
2482,13,2,36
2482,27,2,36
199,54,25,36
2482,20,175,36
2482,19,13,36
54,35,4,36
200,54,15,36
2651,36,3,36
200,2,1,36
200,1,1,36
2651,20,74,36
2482,9,6,36
28,18,1,36
200,39,1,36
199,46,1,36
199,9,3,36
199,2,3,36
199,1,3,36
199,36,3,36
199,7,1,36
199,13,1,36
2651,47,3,36
199,27,1,36
200,19,3,36
200,36,3,36
200,49,3,36
199,19,5,36
2482,52,1,36
2482,42,1,36
2651,43,1,36
2651,7,1,36
2651,18,1,36
2651,28,1,36
2651,29,1,36
2482,44,1,36
2482,45,1,36
2482,46,1,36
54,54,15,36
2482,51,1,36
2482,5,1,36
2482,4,1,36
2482,28,1,36
2482,33,1,36
200,53,5,36
200,43,5,36
2482,37,1,36
200,1,1,37
200,43,1,37
2482,20,17,37
200,53,1,37
1593,20,14,37
2482,53,1,37
2482,2,1,37
200,54,4,37
200,20,18,37
1593,53,1,37
2482,19,13,38
199,54,25,38
28,29,1,38
54,2,3,38
28,2,3,38
54,53,3,38
54,43,3,38
54,19,3,38
54,35,3,38
28,36,1,38
28,35,3,38
2651,7,1,38
2651,18,1,38
2651,28,1,38
2651,29,1,38
2651,43,1,38
200,43,5,38
199,20,91,38
28,9,2,38
28,43,2,38
28,47,2,38
28,49,2,38
28,1,2,38
2482,53,17,38
200,53,4,38
28,19,2,38
28,0,1,38
54,54,15,38
28,18,1,38
2482,18,4,38
200,7,1,38
28,10,1,38
200,27,1,38
200,29,1,38
200,39,1,38
200,2,1,38
200,1,1,38
2482,1,6,38
2482,9,5,38
200,19,3,38
200,36,3,38
200,49,3,38
2482,43,6,38
200,47,2,38
200,35,2,38
200,9,2,38
2482,0,3,38
2482,7,3,38
199,53,5,38
199,2,3,38
199,1,3,38
199,47,3,38
199,36,3,38
199,43,4,38
199,49,4,38
199,35,3,38
2482,49,8,38
2482,35,8,38
200,54,14,38
2482,20,173,38
2482,44,2,38
2482,10,2,38
2482,13,2,38
2482,27,2,38
199,9,3,38
2482,29,4,38
2482,39,4,38
2482,54,34,38
199,19,5,38
200,18,1,38
54,29,1,38
54,20,56,38
54,36,1,38
54,47,1,38
54,49,1,38
54,0,1,38
54,1,1,38
54,9,1,38
2651,39,2,38
54,27,1,38
2651,49,4,38
2651,19,4,38
2651,2,2,38
2651,1,4,38
2482,2,7,38
2482,33,1,38
2482,37,1,38
2482,36,7,38
2651,36,3,38
2651,9,2,38
2651,35,2,38
199,39,2,38
28,53,4,38
2482,46,1,38
2482,51,1,38
2482,52,1,38
2482,45,1,38
2482,42,1,38
2482,4,1,38
2482,5,1,38
199,46,1,38
199,27,1,38
199,13,1,38
199,7,1,38
2482,28,1,38
200,20,61,38
2651,20,72,38
2651,54,12,38
2651,53,11,38
199,18,2,38
199,29,2,38
2651,47,3,38
28,54,17,38
2482,47,7,38
28,20,61,38
2482,46,1,39
2482,36,7,39
54,43,3,39
54,1,2,39
54,19,3,39
54,9,2,39
2651,2,3,39
54,2,4,39
54,53,4,39
2651,9,3,39
2651,36,3,39
2651,43,3,39
200,54,13,39
2482,37,1,39
54,35,4,39
2482,51,1,39
28,29,1,39
199,1,3,39
199,9,2,39
199,36,2,39
199,39,2,39
54,49,2,39
2651,49,5,39
199,2,2,39
2651,1,4,39
2651,54,21,39
2651,53,23,39
2482,52,1,39
2651,20,107,39
28,52,1,39
199,7,1,39
199,27,1,39
199,29,1,39
199,47,1,39
200,20,61,39
28,0,1,39
28,7,1,39
28,10,1,39
28,18,1,39
28,39,1,39
199,43,3,39
199,35,3,39
199,13,1,39
2651,19,6,39
54,36,2,39
28,19,4,39
28,35,4,39
28,2,4,39
28,53,5,39
54,18,1,39
54,27,1,39
54,29,1,39
54,39,1,39
54,0,1,39
28,54,23,39
2482,2,6,39
2482,29,3,39
2482,18,3,39
2482,44,2,39
2482,28,2,39
2482,13,2,39
28,20,79,39
2482,1,5,39
2482,43,5,39
2482,47,4,39
2482,7,4,39
2482,35,4,39
2482,39,4,39
2482,9,6,39
2482,33,1,39
200,18,1,39
200,27,1,39
200,29,1,39
200,39,1,39
28,1,3,39
28,9,3,39
200,47,1,39
200,2,1,39
200,7,1,39
28,36,2,39
28,43,2,39
28,47,2,39
28,49,2,39
54,47,2,39
2482,4,1,39
2651,35,2,39
2651,39,2,39
2482,20,166,39
2651,47,2,39
2651,7,2,39
199,19,5,39
199,53,5,39
2651,29,2,39
2651,28,2,39
200,36,3,39
200,49,3,39
199,20,73,39
2482,53,29,39
2482,54,35,39
200,1,2,39
200,35,2,39
200,9,2,39
199,54,20,39
2651,13,1,39
2651,18,1,39
2651,27,1,39
2651,37,1,39
199,49,4,39
2651,44,1,39
200,43,5,39
54,54,16,39
54,20,66,39
2482,19,9,39
2482,49,8,39
2482,27,1,39
2482,0,1,39
200,53,6,39
2651,46,1,39
200,19,3,39
2484,49,1,40
2484,47,1,40
2484,39,1,40
2484,29,1,40
1593,53,16,40
2484,28,1,40
2484,27,1,40
2484,18,1,40
1593,49,4,40
2482,29,1,40
2482,9,1,40
54,20,16,40
2482,18,1,40
199,20,15,40
2482,10,1,40
2484,1,3,40
2484,19,3,40
2484,35,3,40
2549,1,3,40
2549,9,2,40
54,54,5,40
2549,19,2,40
2549,49,1,40
2549,18,1,40
2549,35,1,40
2549,36,1,40
2549,43,2,40
2549,39,1,40
1593,39,2,40
1593,18,2,40
1593,7,2,40
2549,2,1,40
1593,36,5,40
1593,35,3,40
1593,2,3,40
1593,9,8,40
2484,20,72,40
2549,54,21,40
2482,49,1,40
2482,47,1,40
2651,53,1,40
2549,20,54,40
2549,53,4,40
2482,43,1,40
1593,19,6,40
1593,1,6,40
2482,2,3,40
2482,35,3,40
2482,20,42,40
2484,54,15,40
1593,13,1,40
1593,28,1,40
1593,29,1,40
1593,37,1,40
1593,43,1,40
2482,53,2,40
2482,19,2,40
200,43,1,40
200,53,1,40
1593,20,162,40
2482,54,7,40
2484,53,8,40
200,54,6,40
2482,0,1,40
54,2,1,40
2482,1,1,40
2482,36,1,40
54,35,1,40
28,20,14,40
200,20,20,40
2484,9,2,40
28,54,4,40
2484,2,4,40
2484,43,4,40
2484,36,2,40
1593,54,78,40
1593,47,2,40
2484,28,1,41
2484,49,1,41
2484,47,1,41
2484,29,1,41
2484,27,1,41
2549,43,2,41
2549,19,2,41
2484,53,8,41
2549,9,2,41
1593,36,5,41
2549,1,3,41
2549,53,4,41
2484,43,4,41
2651,53,1,41
28,20,14,41
2484,20,72,41
54,20,16,41
28,54,4,41
1593,54,77,41
2482,47,1,41
2482,43,1,41
2482,36,1,41
2484,2,4,41
2482,29,1,41
2482,18,1,41
2482,10,1,41
2482,1,1,41
2482,0,1,41
2484,54,15,41
54,35,1,41
54,2,1,41
1593,53,16,41
2482,9,1,41
1593,20,161,41
1593,9,8,41
2482,49,1,41
2549,54,22,41
2549,20,56,41
1593,19,6,41
1593,1,6,41
1593,35,3,41
28,35,1,41
1593,2,3,41
2482,2,4,41
200,43,1,41
200,20,20,41
1593,49,4,41
1593,28,1,41
1593,13,1,41
2482,54,7,41
1593,43,1,41
1593,37,1,41
54,54,4,41
199,20,16,41
2482,19,2,41
2482,53,2,41
200,53,1,41
2484,19,3,41
2484,1,3,41
2484,35,3,41
1593,7,2,41
1593,29,2,41
1593,18,2,41
2482,20,42,41
2549,2,1,41
2484,36,2,41
2549,36,1,41
2549,18,1,41
2549,35,1,41
2549,49,1,41
2549,39,1,41
2482,35,3,41
2484,9,2,41
1593,47,2,41
2484,18,1,41
2484,39,2,41
200,54,6,41
1593,39,2,41
2484,39,1,42
2484,18,1,42
28,20,12,42
2554,53,9,42
2482,54,6,42
199,20,13,42
2554,9,6,42
2554,1,7,42
2484,54,13,42
1593,47,3,42
2554,54,52,42
2554,20,122,42
54,54,4,42
200,20,19,42
2484,53,8,42
2482,2,2,42
2482,35,2,42
2484,35,5,42
2482,53,2,42
1593,54,65,42
54,2,1,42
28,54,4,42
1593,20,165,42
2484,9,2,42
2484,27,2,42
2549,53,8,42
1593,27,1,42
1593,13,1,42
200,53,1,42
2482,29,1,42
2549,1,5,42
2549,9,4,42
2549,18,2,42
54,20,15,42
2482,20,35,42
2554,36,4,42
2549,19,3,42
2549,2,3,42
2549,35,3,42
200,54,5,42
2549,43,3,42
2651,53,1,42
2484,1,4,42
2482,9,1,42
1593,39,2,42
1593,43,2,42
1593,9,7,42
1593,19,7,42
2482,1,1,42
2482,36,1,42
2482,47,1,42
1593,36,6,42
2549,54,32,42
1593,7,2,42
2549,20,93,42
200,43,1,42
2484,2,4,42
2484,19,4,42
2484,43,4,42
2482,19,1,42
2482,18,1,42
1593,53,15,42
2554,18,1,42
2554,13,1,42
2554,37,1,42
2554,27,1,42
2554,47,1,42
2484,20,75,42
1593,1,8,42
2549,36,2,42
2549,29,1,42
2484,29,2,42
2484,49,2,42
1593,18,4,42
2484,47,2,42
2554,35,3,42
2554,43,3,42
2484,36,3,42
2549,37,1,42
2549,39,1,42
2549,46,1,42
2549,47,1,42
2549,33,1,42
2549,7,1,42
1593,52,1,42
1593,37,1,42
1593,28,1,42
2554,39,2,42
2549,49,2,42
1593,29,4,42
1593,35,4,42
2549,27,1,42
2554,2,2,42
2554,7,2,42
1593,2,5,42
2554,29,2,42
2554,19,5,42
2554,49,5,42
1593,49,4,42
2482,44,2,43
2482,13,2,43
2482,28,2,43
2482,20,167,43
200,36,3,43
54,20,68,43
200,49,3,43
200,9,2,43
200,1,2,43
200,35,2,43
200,47,2,43
28,20,81,43
2482,47,4,43
2482,39,4,43
2482,35,4,43
2482,7,4,43
2482,1,5,43
2482,43,5,43
2482,54,35,43
200,19,4,43
28,54,24,43
200,7,1,43
200,18,1,43
2482,18,3,43
54,29,1,43
54,39,1,43
2482,29,3,43
200,27,1,43
28,53,6,43
200,2,1,43
28,35,4,43
28,19,4,43
28,2,4,43
200,29,1,43
200,39,1,43
54,35,4,43
199,54,20,43
54,1,2,43
2651,18,1,43
2482,19,9,43
2651,28,1,43
28,9,3,43
28,1,3,43
2482,49,9,43
2482,53,28,43
200,20,62,43
2651,39,2,43
2651,47,2,43
28,7,1,43
28,10,1,43
28,18,1,43
28,29,1,43
28,0,1,43
28,39,1,43
28,52,1,43
2482,52,1,43
2482,46,1,43
2482,37,1,43
2482,0,1,43
2482,33,1,43
2482,27,1,43
199,19,5,43
2482,10,1,43
54,9,2,43
2482,4,1,43
54,36,2,43
2651,7,2,43
54,0,1,43
2651,20,105,43
199,27,1,43
199,29,1,43
54,18,1,43
199,7,1,43
199,13,1,43
199,47,1,43
199,39,2,43
199,36,2,43
199,2,2,43
199,9,2,43
200,43,5,43
2651,44,1,43
2651,46,1,43
2651,53,22,43
2651,54,21,43
199,43,3,43
54,27,1,43
54,54,17,43
2651,37,1,43
54,49,2,43
2651,35,2,43
2651,29,2,43
199,35,3,43
199,1,3,43
54,47,2,43
2651,13,1,43
2482,9,6,43
200,53,6,43
28,43,2,43
2651,49,5,43
200,54,13,43
54,2,4,43
199,53,6,43
28,47,2,43
28,36,2,43
199,49,4,43
28,49,2,43
199,20,75,43
54,19,3,43
2482,2,6,43
2651,1,4,43
54,53,4,43
2482,36,7,43
2651,43,3,43
2651,36,3,43
2651,9,3,43
2651,19,6,43
2651,2,3,43
54,43,3,43
1593,27,1,44
2484,9,1,44
2484,18,1,44
1593,7,1,44
1593,39,1,44
1593,37,1,44
1593,28,1,44
2484,19,4,44
28,54,4,44
2482,18,1,44
2482,35,1,44
2482,36,1,44
2482,1,1,44
2482,19,1,44
2482,9,1,44
2484,39,1,44
200,54,4,44
28,20,13,44
2484,35,4,44
2484,27,1,44
199,20,10,44
2554,20,81,44
200,43,1,44
200,53,1,44
2484,49,1,44
2484,47,1,44
1593,35,4,44
2554,1,4,44
2554,9,4,44
2549,53,5,44
2549,54,17,44
1593,19,6,44
2554,2,2,44
2554,43,2,44
2554,19,4,44
2549,1,3,44
2549,19,2,44
2651,53,1,44
2549,43,2,44
2549,35,2,44
2549,2,1,44
2549,49,1,44
2549,39,1,44
2549,18,1,44
2549,29,1,44
2549,27,1,44
2484,1,3,44
2484,43,3,44
2482,20,31,44
2554,49,3,44
54,54,3,44
1593,9,5,44
2482,54,5,44
54,20,13,44
2554,35,2,44
2554,36,2,44
2549,20,54,44
1593,1,5,44
2554,39,1,44
2554,37,1,44
2554,18,1,44
2554,29,1,44
2554,27,1,44
2554,7,1,44
1593,53,10,44
1593,49,3,44
1593,36,3,44
1593,29,3,44
1593,18,3,44
2484,20,59,44
1593,54,43,44
1593,47,2,44
2549,9,2,44
1593,43,1,44
2484,54,9,44
2484,53,6,44
1593,20,117,44
1593,52,1,44
1593,2,4,44
2484,2,2,44
2554,54,31,44
2484,29,2,44
2484,36,2,44
2482,2,2,44
2554,53,6,44
2482,53,2,44
200,20,16,44
28,54,17,45
2482,36,7,45
200,18,1,45
2482,39,4,45
2482,29,4,45
2651,20,72,45
2482,10,2,45
2651,35,2,45
2482,44,2,45
54,2,3,45
2482,54,35,45
28,47,2,45
28,43,2,45
28,9,2,45
28,1,2,45
28,49,2,45
2651,39,2,45
54,19,3,45
200,7,1,45
200,2,1,45
200,1,1,45
200,39,1,45
2482,27,1,45
200,20,62,45
200,47,2,45
200,35,2,45
2482,18,5,45
199,20,99,45
54,53,4,45
2482,49,9,45
2482,47,7,45
200,9,2,45
28,29,1,45
28,18,1,45
28,10,1,45
54,54,15,45
2651,36,3,45
2482,46,1,45
199,46,1,45
2482,42,1,45
2482,37,1,45
2482,19,15,45
200,43,5,45
2651,9,2,45
2651,2,2,45
200,27,1,45
2482,13,2,45
28,39,1,45
28,36,1,45
28,0,1,45
2482,45,1,45
28,20,63,45
2482,43,6,45
2482,1,6,45
199,0,1,45
199,44,1,45
2482,9,6,45
200,29,1,45
200,53,5,45
199,13,1,45
199,27,1,45
2482,51,1,45
200,54,14,45
2651,29,1,45
199,7,2,45
199,29,2,45
199,18,2,45
2651,53,12,45
2651,54,11,45
199,39,3,45
199,36,3,45
2482,20,180,45
2651,18,1,45
54,20,58,45
199,47,3,45
2482,0,3,45
54,35,3,45
54,43,3,45
199,1,3,45
2651,49,4,45
54,1,1,45
2651,43,1,45
2482,7,3,45
2651,47,3,45
54,49,1,45
199,35,4,45
28,35,3,45
28,19,3,45
54,47,1,45
54,36,1,45
54,29,1,45
2651,37,1,45
2651,28,1,45
199,54,27,45
54,27,1,45
54,9,1,45
199,2,4,45
28,53,4,45
200,19,3,45
2482,52,1,45
199,43,4,45
199,53,6,45
200,36,3,45
199,49,4,45
2651,1,4,45
2651,19,5,45
200,49,3,45
54,0,1,45
28,2,4,45
2482,35,8,45
199,19,7,45
2482,2,8,45
2482,53,18,45
199,9,3,45
2482,4,1,45
2482,33,1,45
2651,7,1,45
2482,28,1,45
2482,5,1,45
28,54,4,46
1593,29,2,46
200,43,1,46
1593,19,6,46
2549,29,1,46
1593,1,6,46
2482,54,7,46
1593,39,2,46
1593,37,1,46
1593,43,1,46
2549,53,8,46
1593,47,2,46
1593,53,16,46
2549,1,4,46
2549,9,4,46
1593,28,1,46
2549,20,96,46
1593,7,2,46
1593,54,79,46
2482,2,4,46
2549,54,41,46
2484,35,3,46
2484,1,3,46
1593,18,2,46
2484,49,1,46
2484,47,1,46
2484,28,1,46
2484,18,1,46
2549,19,3,46
54,2,1,46
1593,13,1,46
2549,7,1,46
2484,20,71,46
2484,27,1,46
54,35,1,46
2549,28,1,46
1593,9,8,46
1593,35,3,46
1593,2,3,46
2484,29,2,46
200,53,1,46
2482,0,1,46
2484,43,4,46
2482,53,3,46
2482,35,3,46
28,2,1,46
2549,18,2,46
2549,2,2,46
2549,35,2,46
2549,36,2,46
2549,39,2,46
2549,43,2,46
200,20,20,46
2484,9,2,46
2484,39,2,46
2484,36,2,46
2484,53,9,46
2651,53,1,46
2482,9,1,46
2482,1,1,46
2482,47,1,46
2549,49,2,46
28,20,14,46
2484,2,4,46
2484,19,4,46
199,20,16,46
1593,49,5,46
54,54,5,46
1593,36,5,46
2482,10,1,46
2484,54,14,46
200,54,6,46
54,20,16,46
2482,36,1,46
2482,29,1,46
2482,18,1,46
2482,43,1,46
2482,49,1,46
2482,20,44,46
1593,20,165,46
2482,19,2,46
200,43,1,47
200,1,1,47
200,53,1,47
54,20,14,47
200,54,4,47
2482,20,18,47
2482,2,1,47
200,20,18,47
2484,47,1,48
2484,49,1,48
2484,29,2,48
2484,36,2,48
2484,1,2,48
2554,43,3,48
2484,2,2,48
2554,20,116,48
2554,54,56,48
2482,53,2,48
2482,2,2,48
1593,35,4,48
2549,35,1,48
2549,18,1,48
2549,19,1,48
2549,29,1,48
2549,2,1,48
1593,29,2,48
1593,47,2,48
1593,18,2,48
54,53,1,48
200,20,17,48
2554,9,6,48
2554,53,10,48
2554,1,5,48
2554,19,4,48
2484,9,1,48
1593,9,4,48
1593,19,4,48
2484,27,1,48
1593,52,1,48
2484,35,3,48
2484,19,3,48
2549,20,36,48
1593,1,3,48
2484,54,7,48
1593,2,3,48
1593,53,7,48
2484,53,4,48
1593,54,32,48
2482,19,1,48
2484,43,3,48
2482,35,1,48
2549,54,12,48
200,53,1,48
200,43,1,48
2554,29,2,48
2554,35,2,48
2554,36,2,48
2651,53,1,48
2554,49,2,48
2554,2,2,48
200,54,5,48
2482,18,1,48
1593,49,1,48
1593,43,1,48
1593,20,89,48
1593,36,3,48
2554,37,1,48
2554,39,1,48
2554,7,1,48
2554,27,1,48
54,20,15,48
2554,18,1,48
2482,9,1,48
2484,20,47,48
2482,1,1,48
2482,20,28,48
2549,53,2,48
2482,54,5,48
2549,9,2,48
2549,1,2,48
2482,10,1,50
2482,27,1,50
2482,46,1,50
2651,19,6,50
199,9,2,50
2482,0,1,50
2482,33,1,50
28,53,5,50
2651,39,2,50
2651,49,6,50
28,47,2,50
54,27,1,50
28,43,2,50
28,36,2,50
200,53,6,50
28,54,25,50
54,29,1,50
199,2,2,50
28,35,4,50
199,36,2,50
28,2,4,50
28,19,4,50
54,0,1,50
2651,47,2,50
2482,52,1,50
2482,29,3,50
54,54,17,50
200,43,5,50
2651,37,1,50
2651,28,1,50
2651,18,1,50
2651,44,1,50
2651,54,19,50
2651,53,20,50
2482,53,27,50
2651,13,1,50
200,19,4,50
2651,7,2,50
2482,2,6,50
2651,35,2,50
2651,20,100,50
2651,29,2,50
2482,37,1,50
54,20,69,50
2482,18,3,50
2651,2,2,50
2482,49,9,50
2482,44,2,50
2651,9,3,50
2651,36,3,50
2651,43,3,50
200,29,1,50
200,39,1,50
200,18,1,50
200,27,1,50
54,43,3,50
200,1,2,50
200,20,62,50
28,29,1,50
28,39,1,50
28,0,1,50
28,7,1,50
28,10,1,50
2482,7,4,50
2482,35,4,50
2482,47,4,50
28,18,1,50
28,20,82,50
200,47,2,50
200,35,2,50
200,9,2,50
199,49,4,50
2482,39,5,50
2482,43,5,50
199,20,76,50
2482,13,2,50
199,43,3,50
199,39,3,50
199,35,3,50
199,1,3,50
2482,9,5,50
2482,1,5,50
200,2,1,50
200,7,1,50
54,2,4,50
28,52,1,50
200,36,3,50
200,49,3,50
199,19,5,50
2482,54,33,50
199,53,5,50
2482,20,164,50
54,19,3,50
2482,36,7,50
200,54,13,50
54,18,1,50
54,36,2,50
54,39,1,50
54,35,4,50
28,49,3,50
2482,19,10,50
28,1,3,50
28,9,3,50
2482,28,2,50
54,49,2,50
199,54,21,50
199,7,1,50
199,13,1,50
199,47,1,50
199,27,1,50
199,29,1,50
2651,1,4,50
54,1,2,50
54,9,2,50
54,53,4,50
54,47,2,50
2484,49,2,51
2484,47,2,51
2484,27,2,51
1593,54,63,51
2484,9,2,51
1593,4,1,51
1593,13,1,51
28,54,4,51
2554,20,118,51
1593,28,1,51
1593,37,1,51
1593,27,1,51
2482,35,2,51
1593,52,1,51
2484,54,14,51
2554,54,50,51
2484,43,4,51
2484,1,4,51
2484,2,4,51
2482,53,2,51
2484,19,5,51
2484,35,5,51
2482,1,2,51
2482,20,36,51
28,20,13,51
54,54,4,51
2554,9,6,51
2554,1,7,51
2554,53,9,51
1593,47,3,51
1593,20,161,51
2484,53,9,51
200,20,19,51
2484,29,2,51
1593,2,5,51
2549,54,30,51
200,1,1,51
1593,36,6,51
2554,39,2,51
2554,7,2,51
2554,2,2,51
2549,47,1,51
2482,54,6,51
2554,49,5,51
2549,20,90,51
2484,36,3,51
2549,46,1,51
2549,39,1,51
2549,37,1,51
2484,18,1,51
2484,7,1,51
2549,2,3,51
2549,19,3,51
2549,43,3,51
2549,35,3,51
2484,39,1,51
2549,9,4,51
2549,1,5,51
2549,53,8,51
200,53,1,51
200,43,1,51
2549,7,1,51
2549,27,1,51
2549,29,1,51
1593,35,5,51
1593,39,2,51
1593,43,2,51
1593,7,2,51
2484,20,80,51
1593,9,7,51
1593,19,7,51
1593,1,8,51
1593,53,14,51
2554,19,5,51
1593,49,4,51
2554,43,3,51
2554,36,3,51
1593,18,4,51
1593,29,4,51
2549,18,2,51
2549,49,2,51
2549,36,2,51
2554,47,1,51
2554,35,3,51
2554,13,1,51
2554,27,1,51
200,54,5,51
2651,1,1,51
2651,53,1,51
2482,9,1,51
2482,29,1,51
2482,19,1,51
199,20,13,51
2482,18,1,51
2554,18,1,51
2482,47,1,51
2482,36,1,51
2482,2,3,51
2554,37,1,51
54,2,1,51
54,35,1,51
54,20,15,51
2554,29,1,51
2554,54,35,52
1593,28,1,52
1593,27,1,52
1593,52,1,52
1593,39,1,52
1593,43,1,52
1593,37,1,52
1593,7,1,52
2482,19,1,52
2554,53,6,52
28,54,5,52
28,20,15,52
54,54,4,52
2482,35,2,52
2482,18,1,52
2482,9,1,52
2482,1,1,52
28,35,1,52
2482,47,1,52
2482,53,2,52
2554,20,89,52
2482,2,2,52
54,20,14,52
2484,1,3,52
1593,36,3,52
1593,18,3,52
1593,54,45,52
2484,43,4,52
1593,47,3,52
2549,2,2,52
2484,47,2,52
200,43,1,52
200,53,1,52
2484,19,4,52
2484,35,5,52
2554,35,3,52
2554,43,3,52
2554,49,3,52
2549,43,2,52
2549,9,2,52
2549,35,2,52
2549,19,2,52
2482,20,32,52
2554,19,4,52
2554,9,4,52
2554,1,5,52
2484,2,3,52
1593,53,10,52
1593,19,6,52
2549,49,1,52
2549,29,1,52
2549,39,1,52
2549,18,1,52
2549,27,1,52
2549,47,1,52
199,20,11,52
1593,49,3,52
2484,49,1,52
2484,9,1,52
2484,39,1,52
2484,18,1,52
2484,27,1,52
2484,36,2,52
2549,53,5,52
2484,53,6,52
1593,20,123,52
2554,47,1,52
2484,20,65,52
2554,39,1,52
2554,27,1,52
2554,18,1,52
2554,7,1,52
2554,29,1,52
2554,36,2,52
2554,37,1,52
2554,2,2,52
2549,54,20,52
2482,54,6,52
2549,20,60,52
2484,54,10,52
1593,35,5,52
2484,29,2,52
200,20,17,52
2651,53,1,52
1593,29,4,52
1593,2,4,52
2549,1,3,52
1593,9,5,52
1593,1,5,52
200,54,5,52
54,2,2,53
199,49,4,53
2482,19,13,53
199,43,4,53
54,54,14,53
2482,53,15,53
2651,39,1,53
28,2,3,53
28,35,3,53
28,53,3,53
199,20,92,53
199,54,24,53
199,53,6,53
2651,43,1,53
199,19,6,53
200,53,4,53
200,43,5,53
2651,7,1,53
2651,2,1,53
28,54,16,53
2651,29,1,53
2651,18,1,53
54,20,52,53
2482,45,1,53
2482,1,6,53
2482,9,5,53
200,39,1,53
200,35,1,53
200,29,1,53
200,27,1,53
28,19,2,53
28,9,2,53
28,1,2,53
28,43,2,53
2482,5,1,53
2482,4,1,53
2482,13,1,53
2482,10,1,53
2482,33,1,53
2482,28,1,53
2482,27,1,53
2482,52,1,53
2482,51,1,53
2482,46,1,53
2482,42,1,53
2482,37,1,53
200,47,1,53
200,2,1,53
200,1,1,53
200,18,1,53
200,9,1,53
200,7,1,53
28,20,55,53
2482,47,6,53
200,20,55,53
2482,7,3,53
2482,39,3,53
54,1,1,53
2651,53,10,53
199,46,1,53
199,44,1,53
2651,54,10,53
2482,44,2,53
199,27,1,53
54,9,1,53
54,0,1,53
2482,0,2,53
199,29,1,53
54,35,3,53
54,47,1,53
54,36,1,53
2482,20,159,53
54,29,1,53
54,49,1,53
54,43,3,53
54,53,3,53
28,49,1,53
28,47,1,53
28,36,1,53
54,19,3,53
28,18,1,53
199,7,1,53
2651,20,62,53
199,36,3,53
199,47,3,53
2651,9,2,53
199,1,3,53
2482,49,7,53
2482,35,7,53
2651,19,4,53
200,54,12,53
2651,47,2,53
2651,36,2,53
2651,35,2,53
199,2,3,53
199,9,3,53
199,35,3,53
2651,1,3,53
2482,43,6,53
2482,36,6,53
2482,2,6,53
2651,49,3,53
199,13,1,53
2482,18,4,53
2482,29,4,53
199,39,2,53
200,36,3,53
199,18,2,53
200,19,3,53
2482,54,31,53
200,49,2,53
2484,53,6,54
1593,20,127,54
54,54,4,54
2484,36,2,54
2484,47,2,54
2484,29,2,54
200,20,18,54
2484,54,11,54
1593,18,3,54
1593,29,3,54
2484,35,5,54
1593,47,3,54
1593,49,3,54
1593,27,1,54
1593,28,1,54
1593,37,1,54
1593,39,1,54
1593,43,1,54
1593,10,1,54
2484,19,4,54
2484,43,4,54
1593,53,11,54
2484,1,3,54
2484,2,3,54
1593,19,6,54
1593,52,1,54
1593,54,45,54
199,20,12,54
1593,0,1,54
28,35,1,54
28,53,1,54
1593,7,1,54
1593,36,4,54
2554,2,2,54
2554,36,2,54
2554,54,35,54
2549,1,3,54
200,53,1,54
200,43,1,54
2482,54,5,54
2549,53,6,54
2484,20,69,54
2549,20,62,54
2549,43,2,54
2549,29,1,54
2554,53,7,54
2549,54,20,54
2554,39,1,54
2549,35,2,54
2549,9,2,54
2554,20,92,54
2554,9,4,54
2549,2,2,54
2554,49,3,54
2549,19,2,54
2554,43,3,54
2554,35,3,54
2554,1,5,54
2554,37,1,54
200,54,5,54
2554,29,1,54
2482,18,1,54
2482,19,1,54
54,20,15,54
2554,19,5,54
2549,47,1,54
2549,49,1,54
2482,9,1,54
2482,1,1,54
2549,36,1,54
2549,39,1,54
2549,18,1,54
2549,27,1,54
2482,20,33,54
2484,0,1,54
1593,35,5,54
2484,18,1,54
2554,18,1,54
28,20,15,54
2651,53,1,54
2554,7,1,54
2482,35,2,54
2554,47,1,54
2482,2,2,54
2554,27,1,54
2484,49,1,54
2484,27,1,54
2484,39,1,54
1593,9,5,54
1593,2,5,54
1593,1,5,54
2484,9,1,54
28,54,5,54
2482,53,2,54
2482,0,3,55
2482,7,3,55
54,53,3,55
54,19,3,55
54,43,3,55
200,49,3,55
200,36,3,55
2482,54,34,55
200,35,2,55
200,47,2,55
54,2,3,55
28,29,1,55
2651,19,5,55
2482,47,7,55
2482,36,7,55
2651,54,10,55
199,29,2,55
199,18,2,55
199,7,2,55
2651,53,12,55
54,49,1,55
2651,20,69,55
54,29,1,55
2482,20,179,55
54,36,1,55
2651,49,4,55
199,1,3,55
199,9,3,55
199,36,3,55
199,39,3,55
199,47,3,55
54,35,4,55
200,54,13,55
2651,9,2,55
2651,35,2,55
2482,2,7,55
2651,39,2,55
2651,36,3,55
2651,47,3,55
2651,1,3,55
54,9,1,55
200,20,59,55
54,0,1,55
199,46,1,55
199,44,1,55
54,1,1,55
199,13,1,55
199,27,1,55
199,0,1,55
2482,10,2,55
2482,13,2,55
2482,44,2,55
28,0,1,55
28,18,1,55
28,36,1,55
28,39,1,55
199,49,4,55
200,53,4,55
200,39,1,55
2482,9,5,55
200,29,1,55
2482,18,5,55
200,27,1,55
200,18,1,55
200,9,1,55
200,1,1,55
200,2,1,55
2482,27,1,55
2482,46,1,55
2482,45,1,55
2482,42,1,55
2482,37,1,55
2482,33,1,55
2482,51,1,55
200,7,1,55
2482,52,1,55
199,54,26,55
28,1,2,55
28,9,2,55
28,43,2,55
28,49,2,55
2482,39,4,55
28,47,2,55
28,20,63,55
2482,19,15,55
54,54,15,55
28,35,4,55
28,53,4,55
199,20,100,55
2651,43,1,55
2651,2,1,55
2651,28,1,55
2482,43,6,55
2482,1,6,55
2651,18,1,55
28,2,3,55
28,19,3,55
54,20,58,55
200,19,4,55
200,43,5,55
2482,53,18,55
2651,7,1,55
2651,29,1,55
28,54,18,55
2482,29,4,55
2482,49,8,55
54,47,2,55
2482,5,1,55
2482,4,1,55
2482,35,8,55
2482,28,1,55
199,53,6,55
199,2,4,55
199,35,4,55
199,43,4,55
199,19,7,55
2482,47,1,56
2482,36,1,56
2482,29,1,56
2482,9,1,56
2482,18,1,56
2482,19,1,56
2482,1,1,56
1593,29,4,56
54,20,15,56
2651,1,1,56
200,54,5,56
2651,53,1,56
2484,7,1,56
2484,39,1,56
2482,20,36,56
1593,49,4,56
2484,9,2,56
2484,27,2,56
2484,29,2,56
199,20,13,56
2484,18,1,56
1593,2,5,56
1593,35,5,56
1593,52,1,56
1593,27,1,56
1593,28,1,56
1593,13,1,56
2484,54,14,56
2484,53,8,56
2482,2,3,56
1593,20,167,56
2554,20,123,56
2484,35,5,56
1593,54,66,56
28,54,4,56
1593,37,1,56
2549,49,2,56
2549,18,2,56
2549,36,2,56
2549,2,3,56
2549,19,3,56
2554,43,3,56
2549,43,3,56
2554,36,3,56
2549,27,1,56
2549,29,1,56
2549,37,1,56
2549,39,1,56
2549,7,1,56
2549,47,1,56
2549,46,1,56
2554,35,3,56
2549,35,3,56
2549,9,4,56
2549,1,5,56
2554,37,1,56
2554,13,1,56
2554,18,1,56
2482,53,2,56
28,20,13,56
2482,35,2,56
2554,47,1,56
2554,27,1,56
54,35,1,56
54,2,1,56
2554,2,2,56
2554,7,2,56
2549,53,8,56
2554,39,2,56
1593,7,2,56
1593,43,2,56
1593,39,2,56
200,43,1,56
2554,29,2,56
2549,54,32,56
2549,20,93,56
2482,54,6,56
2484,20,78,56
200,53,1,56
1593,36,6,56
2554,9,6,56
1593,19,7,56
1593,9,7,56
2484,36,3,56
1593,1,8,56
2554,53,9,56
1593,47,3,56
1593,53,15,56
2554,49,5,56
2554,19,5,56
200,20,19,56
1593,18,4,56
2484,1,4,56
2554,1,7,56
2484,2,4,56
2554,54,53,56
2484,49,2,56
54,54,4,56
2484,47,2,56
2484,43,4,56
2484,19,4,56
1593,7,1,57
2482,35,2,57
2554,1,5,57
1593,49,2,57
1593,0,1,57
2482,53,2,57
2554,9,6,57
1593,47,2,57
2482,2,2,57
1593,29,2,57
2554,53,9,57
200,53,1,57
200,43,1,57
200,1,1,57
2554,54,53,57
2554,20,115,57
1593,43,1,57
1593,39,1,57
1593,52,1,57
1593,27,1,57
1593,10,1,57
2554,37,1,57
2554,49,3,57
2484,49,1,57
2484,27,1,57
2484,54,7,57
2482,1,1,57
1593,20,92,57
54,53,1,57
2482,18,1,57
2482,9,1,57
2484,35,4,57
2484,53,4,57
2484,9,1,57
2484,18,1,57
2651,53,1,57
1593,9,4,57
2484,47,2,57
1593,2,4,57
2482,19,1,57
200,54,5,57
2482,20,29,57
2554,19,4,57
54,20,15,57
1593,1,3,57
200,20,18,57
2484,1,2,57
2484,2,2,57
2484,19,2,57
2484,29,2,57
2484,36,2,57
1593,54,32,57
1593,36,3,57
1593,18,3,57
2484,43,3,57
1593,19,4,57
1593,35,4,57
1593,53,7,57
2554,7,1,57
2554,39,1,57
2554,27,1,57
2554,18,1,57
2554,47,1,57
2484,20,49,57
2549,20,37,57
2554,2,2,57
2554,29,2,57
2554,43,3,57
2549,29,1,57
2554,35,2,57
2549,35,1,57
2549,2,1,57
2549,18,1,57
2549,1,2,57
2549,9,2,57
2549,53,2,57
2482,54,5,57
2549,54,12,57
2554,36,2,57
2549,19,1,57
1593,37,1,58
2484,28,1,58
2484,29,1,58
2484,49,1,58
2484,35,3,58
2484,20,68,58
2484,39,1,58
1593,35,3,58
1593,29,2,58
2484,27,1,58
1593,43,1,58
1593,13,1,58
1593,7,1,58
1593,28,1,58
1593,18,3,58
1593,47,2,58
1593,39,2,58
1593,2,2,58
2484,2,3,58
2484,18,1,58
2484,1,3,58
1593,54,74,58
1593,20,154,58
2484,53,8,58
2484,54,13,58
2484,19,4,58
2484,9,2,58
1593,1,6,58
1593,19,6,58
1593,49,4,58
2484,47,1,58
1593,36,4,58
2484,36,2,58
1593,9,8,58
1593,53,15,58
2484,43,4,58
2549,53,7,58
2549,9,4,58
2549,1,4,58
2549,19,3,58
2549,2,2,58
2549,18,2,58
2549,35,2,58
2549,43,2,58
199,20,15,58
2549,7,1,58
2549,49,2,58
200,43,1,58
200,53,1,58
54,54,4,58
2549,20,92,58
2549,54,41,58
2482,54,7,58
2549,29,1,58
2549,36,1,58
2651,53,1,58
200,54,5,58
54,35,1,58
2482,19,2,58
28,54,4,58
28,20,14,58
2482,18,1,58
2482,49,1,58
2482,10,1,58
2482,9,1,58
2482,1,1,58
2482,0,1,58
2482,43,1,58
2482,47,1,58
2482,36,1,58
2482,29,1,58
2549,39,1,58
2482,20,43,58
2482,2,3,58
2482,35,3,58
54,20,16,58
2482,53,3,58
200,20,18,58
199,44,1,59
2482,29,4,59
2482,39,4,59
2482,7,3,59
2482,0,3,59
199,54,26,59
199,29,2,59
199,18,2,59
2482,49,7,59
2651,19,4,59
2482,2,7,59
199,46,1,59
199,0,1,59
199,7,1,59
199,13,1,59
199,27,1,59
2482,1,6,59
2651,20,67,59
2482,43,6,59
2482,47,6,59
2651,53,11,59
2651,54,11,59
2651,2,1,59
2651,43,1,59
2651,29,1,59
199,20,99,59
2651,28,1,59
200,43,5,59
2651,7,1,59
2651,18,1,59
2482,19,12,59
2482,36,7,59
199,1,3,59
199,9,3,59
199,36,3,59
199,39,3,59
199,47,3,59
2651,49,3,59
2651,1,3,59
200,54,13,59
199,53,6,59
199,19,6,59
2651,9,2,59
2651,36,2,59
2651,39,2,59
2651,47,2,59
2651,35,2,59
199,49,4,59
199,43,4,59
199,35,4,59
2482,18,5,59
2482,9,5,59
199,2,4,59
2482,35,8,59
200,20,58,59
2482,42,1,59
28,35,3,59
28,2,3,59
2482,5,1,59
2482,4,1,59
2482,52,1,59
28,43,2,59
28,19,2,59
28,9,2,59
28,49,2,59
2482,44,1,59
28,1,2,59
28,47,1,59
28,36,1,59
28,18,1,59
28,10,1,59
28,0,1,59
54,9,1,59
2482,45,1,59
54,1,1,59
28,20,60,59
28,54,17,59
2482,37,1,59
2482,33,1,59
28,53,4,59
54,47,1,59
54,29,1,59
54,36,1,59
54,27,1,59
2482,28,1,59
2482,51,1,59
2482,46,1,59
54,0,1,59
54,43,3,59
54,35,3,59
54,19,3,59
200,19,3,59
200,36,3,59
2482,54,35,59
200,49,2,59
200,35,2,59
54,53,4,59
200,53,4,59
54,2,3,59
54,49,1,59
2482,27,2,59
2482,13,2,59
2482,10,2,59
200,9,1,59
200,7,1,59
200,29,1,59
54,54,15,59
200,27,1,59
200,1,1,59
200,47,1,59
54,20,57,59
2482,20,170,59
2482,53,16,59
200,39,1,59
200,2,1,59
200,18,1,59
2482,20,18,60
1593,20,14,60
200,54,4,60
2482,53,1,60
200,53,1,60
200,20,18,60
1593,53,1,60
200,43,1,60
200,1,1,60
2482,2,1,60
2484,29,2,61
2484,49,2,61
2484,9,2,61
2484,47,2,61
1593,20,157,61
200,20,19,61
2484,53,8,61
1593,47,3,61
1593,29,3,61
1593,1,8,61
1593,19,7,61
2482,47,1,61
2482,36,1,61
2482,19,1,61
1593,53,14,61
2482,18,1,61
2482,9,1,61
1593,9,7,61
2484,19,5,61
2484,35,5,61
2484,36,3,61
54,20,15,61
1593,54,63,61
2484,43,4,61
2484,2,4,61
2484,1,4,61
1593,36,6,61
1593,37,1,61
1593,52,1,61
200,54,5,61
1593,28,1,61
1593,13,1,61
2554,1,6,61
2554,9,5,61
2554,19,5,61
1593,2,5,61
28,54,4,61
54,2,1,61
54,35,1,61
1593,18,4,61
2484,27,1,61
2651,53,1,61
2484,39,1,61
2554,20,115,61
2554,54,49,61
2554,53,8,61
2484,18,1,61
2651,1,1,61
1593,49,4,61
2482,2,3,61
1593,35,5,61
28,20,13,61
2549,47,1,61
2549,20,87,61
2549,54,30,61
2549,53,8,61
2549,1,5,61
1593,7,2,61
1593,39,2,61
1593,43,2,61
2549,35,3,61
2549,19,3,61
2549,9,3,61
2554,49,4,61
2482,20,35,61
2482,53,2,61
2482,35,2,61
2484,54,15,61
2482,54,6,61
2554,29,1,61
2554,47,1,61
2554,13,1,61
2554,18,1,61
54,54,4,61
2482,1,2,61
2484,20,79,61
200,53,1,61
200,43,1,61
200,1,1,61
2554,37,1,61
2554,7,2,61
2549,2,3,61
2554,39,2,61
2554,43,2,61
2554,36,3,61
2549,49,2,61
2554,35,3,61
199,20,13,61
2549,39,1,61
2549,37,1,61
2549,29,1,61
2549,27,1,61
2549,7,1,61
2549,46,1,61
2549,43,2,61
2554,2,2,61
2549,18,2,61
2549,36,2,61
2651,13,1,62
2651,53,19,62
2651,54,19,62
2651,28,1,62
2651,18,1,62
2651,20,97,62
2482,2,6,62
2482,53,27,62
200,19,4,62
2651,37,1,62
200,43,5,62
2651,29,1,62
199,49,5,62
199,53,5,62
2651,47,2,62
2651,43,2,62
2651,39,2,62
2651,35,2,62
2651,7,2,62
2651,2,2,62
2651,19,7,62
199,36,2,62
2651,49,6,62
2651,1,4,62
200,54,13,62
200,36,3,62
2482,54,34,62
199,9,3,62
199,2,3,62
199,1,3,62
199,35,3,62
199,39,3,62
199,43,3,62
2651,9,3,62
2651,36,3,62
200,35,2,62
200,1,2,62
2482,36,7,62
200,9,2,62
199,19,5,62
200,53,6,62
199,54,22,62
2482,49,10,62
2651,44,1,62
2482,20,169,62
199,20,80,62
2482,19,11,62
200,49,3,62
2482,1,5,62
54,53,4,62
54,2,4,62
54,19,4,62
2482,13,2,62
2482,44,2,62
2482,18,3,62
2482,29,3,62
54,35,4,62
2482,47,4,62
2482,7,4,62
2482,35,4,62
2482,28,2,62
28,0,1,62
28,39,1,62
28,29,1,62
28,7,1,62
28,18,1,62
28,13,1,62
28,10,1,62
28,52,1,62
54,43,3,62
54,1,2,62
54,9,2,62
54,36,2,62
28,20,87,62
28,54,26,62
54,27,1,62
54,29,1,62
54,39,1,62
54,0,1,62
54,47,2,62
54,49,2,62
28,47,2,62
28,43,2,62
28,36,2,62
28,1,3,62
28,9,3,62
28,2,4,62
28,19,4,62
28,35,4,62
28,53,6,62
54,18,1,62
54,7,1,62
28,49,3,62
54,20,71,62
2482,0,1,62
2482,10,1,62
2482,4,1,62
2482,27,1,62
54,54,18,62
199,29,1,62
199,27,1,62
199,47,1,62
199,18,1,62
199,13,1,62
199,7,1,62
200,20,63,62
2482,33,1,62
2482,43,5,62
2482,39,5,62
2482,9,5,62
2482,51,1,62
2482,52,1,62
2482,46,1,62
2482,37,1,62
200,29,1,62
200,27,1,62
200,18,1,62
200,2,1,62
200,39,1,62
200,47,1,62
200,7,1,62
54,20,15,63
54,54,4,63
200,43,1,63
200,20,18,63
1593,20,127,63
1593,54,45,63
1593,53,11,63
1593,19,6,63
200,53,1,63
54,53,1,63
200,54,5,63
2484,19,4,63
199,20,12,63
2651,53,1,63
2482,20,33,63
2484,43,3,63
2484,2,3,63
2484,1,3,63
2484,36,2,63
2482,54,6,63
2484,35,5,63
2484,53,6,63
1593,49,3,63
1593,27,1,63
1593,28,1,63
1593,39,1,63
1593,43,1,63
1593,52,1,63
1593,37,1,63
1593,10,1,63
1593,0,1,63
1593,7,1,63
2484,20,70,63
1593,18,3,63
2484,54,11,63
1593,29,3,63
1593,47,3,63
2484,47,2,63
2554,9,4,63
2549,27,1,63
2482,2,2,63
2482,35,2,63
2482,53,2,63
2549,36,1,63
2549,39,1,63
2549,49,1,63
2549,29,1,63
2554,1,5,63
2554,19,5,63
2554,53,7,63
2549,43,2,63
2549,35,2,63
2549,19,2,63
2549,18,2,63
2549,9,2,63
2549,2,2,63
2549,1,3,63
2549,53,5,63
2549,54,20,63
2549,20,61,63
2554,36,2,63
2554,47,1,63
2554,37,1,63
2554,27,1,63
2554,18,1,63
2554,7,1,63
2554,39,1,63
2554,29,2,63
2554,2,2,63
2482,1,1,63
2554,54,36,63
2554,20,94,63
28,20,15,63
28,54,5,63
2554,49,3,63
2554,43,3,63
2554,35,3,63
28,2,1,63
28,35,1,63
2482,47,1,63
2482,19,1,63
2482,18,1,63
2482,9,1,63
2484,29,2,63
1593,1,5,63
2484,0,1,63
2484,18,1,63
1593,36,4,63
1593,2,4,63
2484,27,1,63
2484,49,1,63
2484,39,1,63
1593,9,5,63
1593,35,5,63
2484,9,1,63
200,20,18,64
200,1,1,64
200,43,1,64
200,53,1,64
54,20,14,64
2482,20,19,64
200,54,5,64
2549,2,1,65
2554,2,2,65
2554,35,2,65
2549,35,1,65
2549,29,1,65
2484,19,2,65
2484,20,50,65
2549,18,1,65
2549,9,1,65
200,1,1,65
2484,9,1,65
2549,19,1,65
2554,36,2,65
2484,18,1,65
1593,49,2,65
1593,47,2,65
1593,29,2,65
2549,20,38,65
200,54,5,65
2484,1,2,65
2651,53,1,65
2484,47,2,65
2484,29,2,65
2484,36,2,65
2484,2,2,65
2554,29,2,65
2484,49,1,65
2484,27,1,65
2549,53,3,65
1593,54,33,65
2482,53,2,65
2482,35,2,65
54,53,1,65
2482,2,2,65
2554,39,1,65
2554,37,1,65
2554,27,1,65
2554,18,1,65
2554,7,1,65
2484,35,4,65
2554,47,1,65
2484,53,4,65
2482,1,1,65
2482,9,1,65
2482,19,1,65
2554,53,9,65
2554,19,4,65
2554,54,51,65
2554,20,111,65
1593,20,93,65
200,43,1,65
1593,1,3,65
1593,18,3,65
1593,36,3,65
200,53,1,65
54,20,15,65
2549,1,2,65
2554,43,3,65
2554,49,3,65
200,20,18,65
2484,54,7,65
1593,27,1,65
1593,9,4,65
1593,2,4,65
1593,35,4,65
1593,19,4,65
2549,54,12,65
1593,43,1,65
1593,39,1,65
1593,10,1,65
1593,7,1,65
1593,0,1,65
1593,52,1,65
2484,43,3,65
2554,1,5,65
1593,53,7,65
2554,9,5,65
2482,20,29,65
2482,54,5,65
2482,39,4,66
2482,27,2,66
28,1,2,66
28,19,2,66
28,49,2,66
2482,42,1,66
2482,44,1,66
28,47,1,66
28,43,1,66
28,29,1,66
28,18,1,66
28,9,1,66
28,0,1,66
28,35,3,66
28,53,4,66
2482,28,1,66
2482,4,1,66
2482,5,1,66
2482,54,36,66
2482,13,2,66
2482,47,6,66
2482,43,6,66
2482,9,6,66
2482,10,2,66
2482,1,6,66
2482,33,1,66
28,2,3,66
54,2,3,66
54,35,3,66
54,0,1,66
54,1,1,66
54,9,1,66
54,27,1,66
54,29,1,66
54,47,1,66
54,49,1,66
28,54,16,66
28,20,57,66
2482,45,1,66
2482,46,1,66
2482,51,1,66
2482,52,1,66
2482,29,4,66
2482,37,1,66
54,53,3,66
54,43,3,66
54,19,3,66
200,47,2,66
200,1,2,66
200,9,2,66
54,54,14,66
200,49,3,66
200,19,3,66
200,53,4,66
2651,19,4,66
199,9,3,66
199,1,3,66
200,39,1,66
199,47,3,66
200,29,1,66
2651,35,2,66
2651,39,2,66
200,2,1,66
199,54,26,66
200,43,5,66
199,20,101,66
2482,19,13,66
2482,53,16,66
2482,0,3,66
2482,7,3,66
2651,7,1,66
2651,2,1,66
2651,18,1,66
2651,29,1,66
2651,47,2,66
2651,9,2,66
200,7,1,66
199,39,3,66
2651,49,3,66
200,54,14,66
200,27,1,66
2651,1,3,66
199,49,4,66
199,43,4,66
199,35,4,66
199,2,4,66
200,18,1,66
200,35,1,66
199,53,6,66
199,19,7,66
2482,49,8,66
2482,35,8,66
2482,2,8,66
2651,43,1,66
200,20,60,66
199,27,1,66
199,13,1,66
199,0,1,66
199,44,1,66
199,46,1,66
199,7,1,66
54,20,54,66
2482,20,174,66
2482,18,5,66
199,18,2,66
2651,20,66,66
2651,53,11,66
2651,54,11,66
199,29,2,66
200,1,1,67
200,53,1,67
200,43,1,67
2482,20,18,67
2482,53,1,67
54,20,14,67
200,20,18,67
1593,53,1,67
1593,20,14,67
2482,2,1,67
200,54,4,67
2482,18,1,68
2482,29,1,68
2482,36,1,68
2482,47,1,68
2482,49,1,68
2482,9,1,68
2482,10,1,68
2484,18,1,68
1593,2,5,68
1593,49,5,68
2484,9,2,68
54,54,4,68
2554,47,1,68
1593,35,5,68
2554,36,3,68
2482,54,6,68
2482,20,38,68
2554,37,1,68
2554,18,1,68
2549,54,31,68
2549,53,8,68
2549,1,5,68
2549,19,4,68
2549,20,90,68
2554,29,1,68
2549,2,3,68
2549,35,3,68
2549,49,3,68
2554,39,2,68
2554,43,2,68
2554,7,2,68
2554,2,2,68
2554,13,1,68
2549,9,3,68
2484,7,1,68
200,53,1,68
200,43,1,68
54,20,16,68
2484,39,1,68
2484,27,1,68
1593,18,4,68
1593,36,6,68
2554,49,5,68
2482,35,2,68
2482,19,2,68
2482,1,2,68
2554,9,5,68
2554,20,117,68
2549,7,1,68
1593,53,15,68
2554,54,48,68
2554,53,9,68
2484,2,4,68
2484,1,4,68
2554,1,6,68
2554,19,6,68
2484,43,4,68
1593,1,7,68
1593,9,7,68
1593,19,8,68
2549,47,1,68
2484,47,2,68
2484,29,2,68
2484,49,2,68
200,20,19,68
2549,46,1,68
2549,39,1,68
1593,52,1,68
200,54,5,68
2651,53,1,68
2651,1,1,68
1593,13,1,68
1593,27,1,68
1593,28,1,68
1593,37,1,68
199,20,13,68
2484,36,3,68
1593,43,2,68
1593,39,2,68
1593,29,4,68
2482,2,3,68
2482,53,3,68
1593,7,2,68
2484,20,80,68
2549,27,1,68
1593,54,65,68
1593,20,165,68
2554,35,3,68
2549,43,2,68
2549,36,2,68
2549,18,2,68
54,35,1,68
2484,19,5,68
2484,35,5,68
2484,53,9,68
2549,37,1,68
1593,47,3,68
2549,29,1,68
2484,54,14,68
28,20,14,68
54,20,14,69
2482,2,2,69
2482,19,2,69
2482,35,2,69
2482,53,2,69
2482,18,1,69
2482,10,1,69
2482,9,1,69
2482,1,1,69
2482,0,1,69
2482,36,1,69
2482,49,1,69
2482,47,1,69
2482,43,1,69
54,54,4,69
2549,39,1,69
2549,36,1,69
2549,2,1,69
28,20,12,69
28,54,4,69
2549,35,2,69
2484,54,12,69
200,54,5,69
2651,53,1,69
2484,20,60,69
199,20,14,69
1593,39,2,69
1593,35,2,69
1593,18,2,69
200,20,17,69
1593,2,2,69
1593,7,1,69
1593,28,1,69
2549,1,4,69
2549,53,6,69
2549,54,34,69
2549,9,4,69
1593,29,1,69
1593,37,1,69
1593,43,1,69
1593,47,1,69
1593,19,5,69
2482,54,6,69
2484,49,1,69
2484,39,1,69
2484,36,1,69
2484,29,1,69
2484,27,1,69
2484,9,1,69
2549,19,3,69
2549,20,80,69
2484,35,3,69
1593,9,7,69
2484,19,3,69
2484,1,3,69
1593,36,3,69
1593,49,3,69
1593,1,6,69
1593,54,66,69
2484,2,2,69
200,43,1,69
200,53,1,69
1593,20,136,69
1593,53,13,69
2484,43,4,69
2482,20,37,69
2549,43,2,69
2549,49,2,69
2549,18,2,69
2484,53,7,69
2651,54,16,70
28,19,5,70
28,53,6,70
54,27,1,70
54,29,1,70
54,39,1,70
54,7,1,70
54,18,1,70
54,0,1,70
28,20,85,70
28,54,24,70
2651,53,19,70
2482,2,6,70
2651,20,93,70
199,29,1,70
199,27,1,70
199,13,1,70
199,18,1,70
200,20,62,70
199,7,1,70
2482,39,4,70
2482,7,4,70
2482,18,4,70
2482,29,3,70
200,1,2,70
200,9,2,70
199,35,3,70
199,1,3,70
199,43,3,70
28,35,4,70
2651,36,3,70
2651,9,3,70
2651,1,3,70
199,47,2,70
199,39,2,70
199,36,2,70
199,9,2,70
199,2,2,70
2651,49,5,70
2651,43,3,70
2651,19,7,70
2482,36,7,70
2651,39,2,70
200,35,2,70
200,47,2,70
2482,54,30,70
200,36,3,70
200,49,3,70
200,19,4,70
2482,53,26,70
200,43,5,70
2651,18,1,70
2651,13,1,70
2651,28,1,70
2651,44,1,70
2651,37,1,70
2651,47,2,70
2482,28,2,70
2482,44,2,70
199,20,79,70
2482,19,12,70
199,54,21,70
2482,49,9,70
200,53,6,70
199,53,6,70
199,19,6,70
200,54,12,70
2651,2,2,70
2651,7,2,70
199,49,4,70
2651,29,2,70
2651,35,2,70
2482,13,2,70
28,2,4,70
28,49,3,70
28,9,3,70
54,53,4,70
54,2,4,70
2482,47,5,70
2482,35,5,70
2482,43,5,70
200,39,1,70
28,47,2,70
28,43,2,70
28,36,2,70
28,18,2,70
200,29,1,70
2482,9,5,70
200,27,1,70
200,18,1,70
200,7,1,70
54,1,2,70
54,9,2,70
54,36,2,70
54,47,2,70
54,49,2,70
2482,1,5,70
200,2,1,70
28,1,3,70
28,7,1,70
2482,52,1,70
54,35,4,70
2482,20,164,70
2482,0,1,70
54,54,17,70
2482,4,1,70
2482,10,1,70
2482,27,1,70
2482,33,1,70
2482,46,1,70
2482,51,1,70
2482,37,1,70
28,52,1,70
54,19,4,70
28,10,1,70
28,0,1,70
54,43,3,70
28,39,1,70
28,29,1,70
54,20,70,70
1593,49,2,71
1593,47,2,71
2484,20,51,71
2484,49,1,71
2484,27,1,71
2484,18,1,71
2484,9,1,71
2484,1,1,71
1593,19,5,71
200,20,18,71
2482,2,2,71
2651,53,1,71
2554,7,1,71
2554,18,1,71
2554,27,1,71
2554,37,1,71
2554,39,1,71
2482,53,2,71
2482,35,2,71
1593,0,1,71
1593,7,1,71
1593,10,1,71
1593,52,1,71
1593,43,1,71
1593,39,1,71
54,53,1,71
2549,1,2,71
1593,54,34,71
2554,35,2,71
2554,36,2,71
2554,54,47,71
2554,43,3,71
2549,2,2,71
1593,29,3,71
2554,20,107,71
1593,36,3,71
1593,18,3,71
2482,54,5,71
2549,9,2,71
1593,1,3,71
2554,49,3,71
2554,2,2,71
2482,19,1,71
54,20,16,71
2484,47,2,71
2484,36,2,71
2484,29,2,71
2484,2,2,71
2482,9,1,71
2482,1,1,71
2482,18,1,71
1593,20,98,71
2484,35,4,71
2554,29,2,71
2554,53,9,71
2554,1,4,71
2484,54,7,71
2484,19,3,71
1593,2,4,71
1593,9,4,71
1593,35,4,71
2482,20,31,71
2549,54,12,71
1593,53,8,71
200,43,1,71
200,53,1,71
2549,20,39,71
2554,9,5,71
2484,43,3,71
2549,35,1,71
2554,19,5,71
2549,19,1,71
2549,53,3,71
2484,53,4,71
2549,29,1,71
2549,18,1,71
2651,53,1,72
2554,36,2,72
2554,29,2,72
2554,2,2,72
2554,18,1,72
2482,20,33,72
2549,54,19,72
2554,7,1,72
2549,43,2,72
2549,35,2,72
2549,20,60,72
2554,27,1,72
2554,39,1,72
2549,1,3,72
2554,37,1,72
2549,53,5,72
2549,2,2,72
199,20,12,72
200,1,1,72
2554,35,3,72
200,53,1,72
200,43,1,72
200,54,5,72
2549,9,2,72
2549,18,2,72
2549,19,2,72
2554,49,3,72
2554,19,4,72
2554,9,4,72
2549,27,1,72
2549,29,1,72
2549,36,1,72
2549,39,1,72
2549,49,1,72
2482,54,6,72
200,20,18,72
2554,47,1,72
2554,43,3,72
54,54,4,72
28,20,14,72
2482,19,1,72
2482,18,1,72
2482,9,1,72
2482,35,2,72
2482,1,1,72
2484,20,70,72
1593,19,6,72
28,54,5,72
1593,54,45,72
1593,49,3,72
1593,47,3,72
1593,18,3,72
1593,53,11,72
2484,43,3,72
2484,29,3,72
2484,1,3,72
2484,2,3,72
2484,19,4,72
2482,47,1,72
2482,29,1,72
2482,53,2,72
2482,2,2,72
28,35,1,72
1593,2,5,72
2484,54,11,72
1593,9,5,72
1593,1,5,72
2484,53,7,72
1593,35,5,72
54,53,1,72
1593,20,127,72
2484,35,5,72
2484,47,2,72
2484,36,2,72
54,20,15,72
2554,54,36,72
2554,53,7,72
2554,1,5,72
2484,49,1,72
2484,39,1,72
2484,27,1,72
2484,18,1,72
2484,9,1,72
2484,0,1,72
2554,20,94,72
1593,10,1,72
1593,27,1,72
1593,28,1,72
1593,39,1,72
1593,43,1,72
1593,52,1,72
1593,7,1,72
1593,0,1,72
1593,37,1,72
1593,36,4,72
1593,29,4,72
200,54,4,73
200,1,1,73
200,53,1,73
200,43,1,73
1593,20,14,73
2482,53,1,73
2482,2,1,73
2482,20,18,73
1593,53,1,73
200,20,17,73
54,20,14,73
200,20,19,74
2549,53,8,74
54,20,15,74
28,54,4,74
2549,9,4,74
2549,2,1,74
2549,29,1,74
2549,39,1,74
2549,7,1,74
2549,1,4,74
54,2,1,74
54,35,1,74
54,54,4,74
2549,49,2,74
2549,43,2,74
2549,36,2,74
2549,35,2,74
2482,29,1,74
2482,18,1,74
2482,19,1,74
2482,36,1,74
2482,10,1,74
2482,0,1,74
2482,1,1,74
2482,9,1,74
2482,43,1,74
2482,47,1,74
2482,49,1,74
2549,19,3,74
2651,53,1,74
200,54,5,74
199,20,15,74
28,20,13,74
2549,18,2,74
2484,27,1,74
2484,53,8,74
2484,9,2,74
2484,28,1,74
2484,2,2,74
200,53,1,74
200,43,1,74
1593,20,146,74
2484,1,3,74
2484,36,2,74
2484,29,1,74
2484,39,1,74
2484,47,1,74
1593,43,1,74
1593,29,1,74
1593,7,1,74
1593,36,4,74
1593,49,4,74
1593,1,6,74
1593,28,1,74
1593,54,70,74
2484,49,1,74
2484,19,3,74
2484,35,3,74
2484,43,4,74
1593,53,14,74
2482,2,2,74
1593,9,7,74
1593,19,5,74
2484,54,13,74
1593,2,2,74
1593,18,2,74
1593,39,2,74
2549,54,39,74
2482,53,2,74
2482,35,2,74
2549,20,91,74
1593,37,1,74
1593,47,2,74
2484,20,66,74
2482,54,6,74
2482,20,39,74
1593,35,3,74
2482,53,1,75
2482,20,19,75
200,1,1,75
200,43,1,75
200,53,1,75
54,20,14,75
200,20,17,75
1593,0,1,76
1593,52,1,76
1593,43,1,76
1593,39,1,76
1593,10,1,76
1593,7,1,76
1593,49,2,76
1593,47,2,76
2549,20,36,76
2549,54,11,76
54,20,15,76
2484,19,3,76
2484,35,3,76
2484,43,3,76
2549,53,3,76
1593,29,3,76
2554,2,2,76
2554,43,2,76
2554,36,2,76
1593,18,3,76
2554,35,2,76
2554,29,2,76
2549,1,2,76
2549,9,2,76
1593,1,3,76
2484,20,50,76
2484,54,6,76
1593,36,2,76
1593,53,9,76
2484,53,4,76
1593,54,35,76
1593,20,100,76
2554,7,1,76
2554,18,1,76
2554,39,1,76
2482,54,5,76
2554,49,3,76
2482,1,1,76
2482,19,1,76
2482,18,1,76
2482,9,1,76
2554,20,96,76
2554,54,40,76
2554,19,4,76
2554,53,8,76
2554,9,5,76
2554,1,4,76
2482,20,31,76
2482,2,2,76
2482,35,2,76
2482,53,2,76
2549,29,1,76
2549,35,1,76
2549,19,1,76
2549,2,1,76
2549,18,1,76
54,53,1,76
2651,53,1,76
2484,1,1,76
1593,2,4,76
1593,19,5,76
200,20,17,76
1593,35,4,76
1593,9,4,76
2484,9,1,76
2484,2,2,76
2484,27,1,76
2484,18,1,76
200,43,1,76
2484,49,1,76
2484,29,2,76
2484,36,2,76
200,53,1,76
2484,47,2,76
2554,9,4,77
1593,53,11,77
1593,1,5,77
1593,2,5,77
2482,20,35,77
2484,0,1,77
1593,35,5,77
2484,9,1,77
2484,18,1,77
2484,39,1,77
2484,27,1,77
2482,53,3,77
1593,19,7,77
2484,19,5,77
1593,36,4,77
1593,10,1,77
1593,39,2,77
2484,1,3,77
2484,2,3,77
1593,43,1,77
1593,52,1,77
1593,27,1,77
1593,28,1,77
1593,37,1,77
2484,43,3,77
2484,20,72,77
2484,29,3,77
1593,7,1,77
1593,0,1,77
2554,47,1,77
2554,37,1,77
2554,27,1,77
2554,7,1,77
2554,18,1,77
2484,35,5,77
2484,36,2,77
200,53,1,77
1593,54,46,77
200,43,1,77
2484,49,2,77
2484,47,2,77
1593,20,132,77
2484,54,11,77
1593,49,3,77
1593,47,3,77
1593,18,3,77
2484,53,7,77
1593,29,4,77
2554,49,3,77
2482,9,1,77
2549,1,3,77
2482,1,1,77
2482,36,1,77
2482,29,1,77
2482,18,1,77
2651,53,1,77
2482,47,1,77
200,54,5,77
2554,43,3,77
2554,36,2,77
28,54,5,77
2554,39,2,77
2549,2,2,77
2549,35,2,77
2549,19,2,77
2549,9,2,77
2549,43,2,77
2554,35,3,77
54,20,16,77
2482,54,6,77
200,20,18,77
2549,53,5,77
54,54,4,77
2554,29,2,77
2554,53,7,77
1593,9,5,77
2482,19,2,77
2549,20,60,77
2482,35,2,77
2482,2,2,77
2554,1,5,77
2554,19,5,77
28,20,15,77
2549,18,1,77
2549,36,1,77
2549,54,19,77
2549,39,1,77
2549,27,1,77
2554,54,37,77
2554,20,96,77
2549,29,1,77
2549,49,1,77
2554,2,2,77
199,49,4,78
199,47,4,78
200,47,2,78
199,2,4,78
199,35,4,78
199,43,4,78
2482,2,8,78
2482,35,8,78
199,19,7,78
2482,49,8,78
199,1,4,78
200,54,14,78
200,20,59,78
199,7,1,78
2651,20,67,78
199,18,2,78
199,29,2,78
2651,49,3,78
2651,36,3,78
2651,1,3,78
200,49,3,78
2651,53,11,78
2651,54,11,78
2482,54,37,78
2651,19,4,78
2482,20,175,78
2482,36,7,78
199,0,1,78
200,35,1,78
200,39,1,78
199,36,3,78
199,39,3,78
199,27,1,78
199,13,1,78
199,44,1,78
199,46,1,78
199,9,3,78
200,9,2,78
200,18,1,78
200,7,1,78
200,2,1,78
200,1,1,78
200,29,1,78
200,27,1,78
200,19,2,78
200,36,3,78
2651,39,2,78
2651,18,1,78
2651,7,1,78
2651,2,1,78
199,20,103,78
2651,35,2,78
2651,47,2,78
2651,9,2,78
2482,19,12,78
199,54,26,78
200,43,5,78
199,53,7,78
2482,53,16,78
2651,29,1,78
200,53,4,78
2651,43,1,78
54,0,1,78
54,1,1,78
54,9,1,78
28,19,2,78
28,1,2,78
28,49,2,78
28,43,2,78
28,47,2,78
28,18,1,78
28,36,1,78
28,29,1,78
28,9,1,78
28,0,1,78
2482,1,6,78
2482,9,6,78
54,29,1,78
54,2,3,78
54,19,3,78
54,35,3,78
54,43,3,78
54,53,3,78
54,36,1,78
54,49,1,78
54,47,1,78
2482,10,2,78
2482,13,2,78
2482,29,4,78
28,53,3,78
28,35,3,78
28,2,3,78
2482,27,2,78
28,54,17,78
28,20,58,78
54,20,55,78
2482,51,1,78
2482,52,1,78
2482,33,1,78
2482,37,1,78
2482,42,1,78
2482,44,1,78
2482,45,1,78
2482,28,1,78
2482,4,1,78
2482,5,1,78
2482,46,1,78
2482,43,6,78
2482,47,6,78
2482,18,5,78
54,54,14,78
2482,39,4,78
2482,0,3,78
2482,7,3,78
2484,49,2,79
54,54,4,79
2484,47,2,79
200,20,17,79
2484,9,2,79
2484,1,3,79
2484,2,3,79
2484,36,3,79
2484,29,2,79
1593,2,4,79
2484,7,1,79
2482,20,38,79
2554,35,3,79
2554,36,3,79
200,43,1,79
200,53,1,79
2549,35,3,79
2484,18,1,79
2549,9,3,79
2549,2,3,79
1593,18,4,79
2484,39,1,79
2482,36,1,79
1593,49,4,79
1593,29,4,79
54,20,16,79
2482,29,1,79
2484,27,1,79
2482,18,1,79
2482,9,1,79
2482,49,1,79
2482,47,1,79
2482,1,2,79
54,35,1,79
2482,19,2,79
2549,47,1,79
2549,27,1,79
2549,29,1,79
2549,39,1,79
2549,7,1,79
2554,49,4,79
2482,2,3,79
2554,9,5,79
2554,1,6,79
2651,1,1,79
2651,53,1,79
200,54,5,79
199,20,13,79
2554,19,6,79
2554,53,8,79
2554,54,45,79
2554,20,108,79
2482,53,2,79
28,20,13,79
2482,35,2,79
28,54,4,79
2549,36,2,79
2549,49,2,79
2549,43,2,79
2549,18,2,79
1593,19,8,79
2549,20,87,79
1593,35,5,79
1593,36,5,79
1593,9,7,79
1593,1,7,79
1593,53,15,79
2484,43,4,79
1593,28,1,79
1593,27,1,79
2484,35,5,79
2484,19,6,79
1593,20,165,79
2484,53,8,79
2484,54,12,79
2554,18,1,79
2554,13,1,79
2554,7,1,79
2484,20,76,79
1593,47,3,79
2554,47,1,79
2554,37,1,79
1593,7,2,79
1593,43,2,79
1593,39,2,79
1593,37,1,79
1593,52,1,79
1593,13,1,79
1593,4,1,79
1593,54,66,79
2554,29,2,79
2554,2,2,79
2549,19,4,79
2554,39,2,79
2549,1,4,79
2482,54,6,79
2549,54,30,79
2549,53,8,79
2554,43,2,79
2554,49,2,80
200,43,1,80
2554,18,1,80
200,53,1,80
1593,43,1,80
1593,49,1,80
2554,35,2,80
2554,43,2,80
2554,29,1,80
2554,36,1,80
1593,18,2,80
1593,29,2,80
2549,1,2,80
2549,29,1,80
2549,35,1,80
2549,18,1,80
1593,36,2,80
1593,47,2,80
2554,7,1,80
2554,39,1,80
2554,2,2,80
2549,53,3,80
2484,20,45,80
1593,2,3,80
1593,1,3,80
2549,20,33,80
54,20,14,80
200,20,16,80
2484,47,1,80
2484,49,1,80
2484,9,1,80
2484,18,1,80
2484,27,1,80
2484,1,1,80
2484,29,2,80
2484,36,2,80
2484,2,2,80
1593,35,4,80
1593,9,4,80
1593,19,4,80
2484,43,3,80
2484,35,3,80
2484,19,3,80
2549,19,1,80
2549,9,1,80
2484,54,6,80
2651,53,1,80
1593,53,8,80
2549,54,10,80
200,54,4,80
2482,20,28,80
2549,2,1,80
2554,19,3,80
2482,54,5,80
2554,20,84,80
2482,18,1,80
2482,9,1,80
2554,54,35,80
2482,2,2,80
2554,1,4,80
2554,9,4,80
1593,20,88,80
2482,1,1,80
2554,53,8,80
2484,53,4,80
2482,53,2,80
54,53,1,80
2482,35,1,80
2482,19,1,80
1593,54,31,80
2482,47,5,81
200,7,1,81
2482,10,1,81
2482,33,1,81
2482,36,6,81
2482,0,1,81
2482,37,1,81
2482,49,7,81
2482,20,149,81
2482,52,1,81
200,27,1,81
2482,46,1,81
2482,35,4,81
200,29,1,81
200,35,1,81
200,39,1,81
2482,4,1,81
200,18,1,81
200,2,1,81
200,47,1,81
2482,27,1,81
2482,1,5,81
2482,9,5,81
2482,7,3,81
2482,43,5,81
2482,54,28,81
2482,19,10,81
2482,2,5,81
2482,29,3,81
2482,13,2,81
2482,44,2,81
2482,39,3,81
2482,28,2,81
2482,18,3,81
2482,53,23,81
54,29,1,81
54,0,1,81
54,49,1,81
54,27,1,81
54,1,2,81
54,36,2,81
54,47,2,81
54,20,61,81
54,54,15,81
54,35,4,81
54,53,4,81
54,19,3,81
54,43,3,81
54,2,3,81
54,9,2,81
199,7,1,81
199,13,1,81
199,29,1,81
199,18,1,81
2651,47,2,81
2651,9,2,81
199,53,5,81
199,19,5,81
2651,35,2,81
2651,36,2,81
199,54,19,81
199,1,3,81
199,43,3,81
199,49,3,81
2651,43,3,81
199,27,1,81
2651,49,4,81
2651,19,6,81
199,35,2,81
199,36,2,81
199,39,2,81
199,47,2,81
199,2,2,81
199,9,2,81
2651,54,14,81
2651,53,16,81
2651,20,83,81
199,20,71,81
2651,1,4,81
28,18,1,81
28,29,1,81
28,0,1,81
28,7,1,81
28,39,1,81
28,52,1,81
28,1,2,81
28,49,2,81
28,47,2,81
28,43,2,81
2651,7,1,81
2651,13,1,81
2651,18,1,81
2651,28,1,81
2651,29,1,81
2651,37,1,81
2651,39,1,81
28,20,74,81
28,54,22,81
28,53,5,81
28,19,4,81
28,2,3,81
28,9,3,81
28,35,3,81
28,36,2,81
2651,2,2,81
200,1,2,81
200,36,3,81
200,49,3,81
200,19,4,81
200,9,2,81
200,43,5,81
200,54,11,81
200,20,58,81
200,53,6,81
2482,20,33,82
1593,28,1,82
2554,9,5,82
2554,1,6,82
2554,53,7,82
2554,54,42,82
2554,20,98,82
28,20,12,82
28,54,4,82
2484,47,1,82
2484,27,1,82
2484,39,1,82
2484,18,1,82
2484,49,1,82
1593,1,7,82
1593,19,7,82
1593,9,7,82
1593,53,13,82
1593,54,60,82
1593,20,146,82
2549,36,1,82
2549,37,1,82
2549,39,1,82
2549,29,1,82
2549,47,1,82
54,20,14,82
2549,27,1,82
54,54,4,82
2554,19,4,82
2554,49,4,82
2549,18,2,82
2549,2,2,82
2549,35,2,82
2549,49,2,82
2549,43,2,82
2554,35,2,82
2554,36,2,82
2554,39,2,82
2482,1,2,82
2482,2,2,82
2482,53,2,82
2482,35,2,82
2554,37,1,82
2482,54,6,82
2554,47,1,82
2554,43,2,82
2549,9,3,82
2549,19,3,82
2554,2,2,82
2549,1,4,82
2549,53,7,82
2549,54,29,82
2549,20,80,82
2554,7,1,82
2554,29,1,82
2554,18,1,82
2651,1,1,82
2651,53,1,82
1593,39,1,82
1593,37,1,82
199,20,12,82
1593,27,1,82
1593,52,1,82
1593,43,2,82
1593,7,1,82
2484,54,12,82
200,54,5,82
1593,49,3,82
2484,20,69,82
2484,1,3,82
1593,47,3,82
1593,29,3,82
1593,18,3,82
2484,43,4,82
2484,35,4,82
2484,19,5,82
2484,53,7,82
2484,2,3,82
200,43,1,82
200,53,1,82
2482,18,1,82
2482,47,1,82
2482,9,1,82
2482,36,1,82
2482,19,1,82
200,20,17,82
1593,2,4,82
2484,9,2,82
2484,29,2,82
1593,35,4,82
2484,36,2,82
1593,36,4,82
2482,45,1,83
2482,44,1,83
28,36,1,83
28,0,1,83
28,29,1,83
28,9,1,83
28,18,1,83
2482,46,1,83
2482,42,1,83
28,20,58,83
2482,27,2,83
2482,13,2,83
2482,10,2,83
28,54,17,83
28,53,4,83
28,1,2,83
28,35,3,83
28,2,3,83
28,19,2,83
28,43,2,83
28,47,2,83
28,49,2,83
2482,37,1,83
2482,28,1,83
2482,4,1,83
2482,5,1,83
2482,52,1,83
2482,33,1,83
2482,51,1,83
54,19,3,83
200,20,59,83
200,27,1,83
200,18,1,83
200,7,1,83
200,49,3,83
200,36,3,83
200,53,4,83
200,43,5,83
200,54,14,83
200,2,1,83
200,1,1,83
2651,35,2,83
199,29,2,83
2482,7,3,83
2482,0,3,83
2482,29,4,83
2482,39,4,83
200,39,1,83
200,35,1,83
200,29,1,83
199,18,2,83
2482,1,6,83
54,20,55,83
54,54,14,83
2482,9,6,83
2482,43,6,83
2651,54,11,83
54,35,3,83
54,43,3,83
54,53,3,83
2651,36,2,83
54,2,3,83
2651,39,2,83
2651,49,4,83
199,19,7,83
199,53,7,83
2482,20,176,83
2482,49,8,83
2482,35,8,83
2482,2,8,83
199,43,4,83
199,49,4,83
199,47,4,83
2482,54,37,83
199,35,4,83
199,2,4,83
199,1,4,83
2482,36,7,83
2482,47,7,83
199,9,3,83
199,36,3,83
199,39,3,83
2651,1,3,83
2651,9,2,83
2651,19,4,83
199,54,27,83
200,47,2,83
2651,53,10,83
2651,20,67,83
2482,19,12,83
199,0,1,83
199,13,1,83
199,7,1,83
200,19,2,83
199,44,1,83
199,27,1,83
199,20,104,83
2482,53,15,83
2651,43,1,83
2651,18,1,83
2651,7,1,83
2651,29,1,83
2651,2,1,83
200,9,2,83
54,0,1,83
199,46,1,83
54,9,1,83
54,1,1,83
2651,47,2,83
2482,18,5,83
54,49,1,83
54,36,1,83
54,29,1,83
54,27,1,83
54,47,1,83
2482,2,1,84
2482,20,19,84
200,1,1,84
200,20,18,84
2482,18,1,85
2482,19,1,85
200,53,1,85
200,20,17,85
2482,20,29,85
2549,2,1,85
2549,35,1,85
2549,18,1,85
2549,29,1,85
2549,19,1,85
2554,1,4,85
2554,9,4,85
2554,19,4,85
2482,1,1,85
2554,43,3,85
2549,1,2,85
2549,9,2,85
2549,53,4,85
2549,20,38,85
2554,49,2,85
2554,29,2,85
2554,35,2,85
2554,36,2,85
2554,2,2,85
2554,7,1,85
2554,18,1,85
2554,27,1,85
2554,37,1,85
2554,39,1,85
2651,53,1,85
2549,54,12,85
2482,2,2,85
2482,53,2,85
2482,35,2,85
2554,53,7,85
2554,54,39,85
2554,20,92,85
2482,9,1,85
200,1,1,85
2484,36,2,85
54,20,15,85
1593,20,91,85
1593,54,31,85
1593,53,8,85
2484,29,2,85
2484,47,2,85
2484,2,2,85
2484,1,2,85
1593,2,4,85
1593,9,4,85
1593,19,4,85
1593,35,4,85
2484,49,1,85
2484,18,1,85
2484,27,1,85
2484,9,1,85
1593,18,2,85
1593,49,2,85
1593,47,2,85
54,53,1,85
2484,20,49,85
2484,54,6,85
1593,1,3,85
2484,53,4,85
2484,19,3,85
2484,35,3,85
2484,43,3,85
1593,36,2,85
1593,29,2,85
1593,43,1,85
1593,39,1,85
1593,27,1,85
1593,52,1,85
1593,7,1,85
1593,0,1,85
1593,10,1,85
200,43,1,85
54,20,13,86
2482,20,17,86
200,1,1,86
200,20,16,86
2482,2,2,87
28,20,14,87
2482,19,2,87
2482,53,2,87
2482,35,2,87
2554,54,34,87
2554,53,7,87
2554,19,5,87
2482,54,5,87
2554,2,2,87
2549,1,3,87
2554,35,3,87
2554,49,3,87
2554,43,3,87
2549,19,2,87
2549,9,2,87
2549,43,2,87
2549,35,2,87
2549,2,2,87
2554,1,4,87
2554,9,4,87
2549,27,1,87
2549,39,1,87
2549,36,1,87
2549,29,1,87
2549,18,1,87
2549,49,1,87
54,54,4,87
200,20,16,87
2554,29,2,87
2482,20,34,87
2554,36,2,87
2554,18,1,87
2554,7,1,87
2554,27,1,87
2554,37,1,87
2554,39,1,87
2549,20,56,87
2549,54,17,87
2549,53,5,87
54,20,15,87
1593,20,129,87
1593,54,46,87
1593,53,10,87
1593,19,7,87
1593,9,5,87
1593,35,5,87
1593,2,5,87
1593,1,5,87
200,54,4,87
2554,20,90,87
1593,29,4,87
1593,36,4,87
200,43,1,87
2484,19,5,87
2484,35,5,87
2484,53,6,87
2484,54,9,87
2484,29,3,87
2484,20,69,87
1593,49,3,87
1593,47,3,87
1593,18,3,87
1593,39,1,87
1593,37,1,87
1593,28,1,87
200,53,1,87
2484,43,3,87
2484,1,3,87
2484,2,3,87
2484,9,1,87
2484,39,1,87
2484,0,1,87
2482,36,1,87
2482,47,1,87
2482,29,1,87
2482,9,1,87
2482,18,1,87
2482,1,1,87
2484,49,2,87
2484,47,2,87
2484,36,2,87
1593,27,1,87
2484,27,1,87
1593,10,1,87
1593,43,1,87
1593,52,1,87
1593,0,1,87
1593,7,1,87
2484,18,1,87
28,54,4,87
2651,53,1,87
2651,37,1,88
54,0,1,88
54,27,1,88
54,29,1,88
200,20,61,88
54,36,2,88
2651,13,1,88
54,1,2,88
2482,1,5,88
2482,9,5,88
2482,35,5,88
54,9,2,88
2651,18,1,88
2651,28,1,88
28,36,2,88
2651,1,4,88
2651,29,1,88
28,9,3,88
28,1,3,88
28,35,4,88
28,2,4,88
28,19,4,88
199,19,5,88
2651,2,2,88
2651,35,2,88
2651,7,2,88
199,1,3,88
2482,19,10,88
2482,36,7,88
2651,9,3,88
2651,36,3,88
28,20,78,88
199,35,2,88
199,7,1,88
199,29,1,88
2482,20,164,88
2651,20,89,88
28,7,1,88
28,10,1,88
199,9,2,88
199,2,2,88
199,27,1,88
2482,28,2,88
2482,13,2,88
28,18,1,88
28,29,1,88
199,20,77,88
28,0,1,88
2482,29,3,88
2482,18,3,88
200,19,3,88
200,36,3,88
199,13,1,88
199,18,1,88
200,2,1,88
200,7,1,88
2482,7,4,88
2482,0,1,88
2482,4,1,88
200,18,1,88
2482,10,1,88
200,35,2,88
200,27,1,88
200,29,1,88
200,9,2,88
200,1,2,88
54,19,3,88
2651,19,6,88
54,2,4,88
2482,37,1,88
199,36,2,88
54,20,64,88
2482,2,6,88
2482,33,1,88
54,35,4,88
2482,27,1,88
2482,20,39,89
199,20,15,89
200,20,20,89
1593,19,5,89
2484,29,1,89
2484,28,1,89
2484,27,1,89
1593,36,4,89
2482,19,2,89
2482,2,2,89
28,20,13,89
1593,49,4,89
2482,29,1,89
2482,0,1,89
1593,7,1,89
1593,29,1,89
1593,28,1,89
1593,37,1,89
2482,1,1,89
2482,9,1,89
2482,10,1,89
2482,18,1,89
2482,36,1,89
2484,9,2,89
2482,35,3,89
2484,36,2,89
2484,1,3,89
2484,35,3,89
2484,19,4,89
2484,20,68,89
1593,35,3,89
1593,18,2,89
1593,2,2,89
200,1,1,89
2484,2,2,89
1593,1,6,89
2549,19,3,89
2549,18,2,89
2549,36,2,89
2549,35,2,89
2549,20,89,89
1593,9,8,89
2549,29,1,89
1593,20,147,89
54,20,15,89
2549,2,1,89
2549,7,1,89
2549,9,4,89
2549,1,4,89
54,35,1,89
1593,2,4,90
2554,2,2,90
2484,1,4,90
2554,7,1,90
1593,7,2,90
2484,2,3,90
1593,1,7,90
2484,9,2,90
2482,9,1,90
2482,10,1,90
2482,1,2,90
2482,2,2,90
2554,1,6,90
2554,9,5,90
1593,9,6,90
2549,1,5,90
2651,1,1,90
2549,9,3,90
2549,2,2,90
2549,7,1,90
54,2,1,90
2651,28,1,91
2651,29,1,91
2651,18,1,91
2651,7,1,91
2482,19,14,91
199,20,106,91
2651,2,1,91
2482,2,8,91
2482,5,1,91
2482,4,1,91
2482,28,1,91
199,19,7,91
54,20,57,91
54,2,3,91
54,19,3,91
54,27,1,91
54,9,1,91
54,1,1,91
54,0,1,91
54,29,1,91
200,20,58,91
200,19,3,91
200,9,2,91
200,1,1,91
200,2,1,91
200,27,1,91
200,29,1,91
200,7,1,91
200,18,1,91
2482,20,185,91
2482,29,4,91
2482,0,3,91
2482,7,3,91
2482,27,2,91
2482,18,5,91
2482,10,2,91
28,20,61,91
28,2,4,91
28,19,3,91
28,1,2,91
28,9,2,91
28,0,1,91
2482,13,2,91
28,29,1,91
28,18,1,91
2651,20,70,91
2651,19,5,91
199,7,2,91
199,29,2,91
199,1,3,91
199,9,3,91
2482,1,6,91
199,18,3,91
2651,9,2,91
199,2,4,91
2651,1,3,91
2482,9,6,91
199,0,1,91
199,27,1,91
199,13,1,91
2482,1,1,92
1593,0,1,92
2484,1,3,92
2484,2,3,92
1593,2,4,92
1593,1,5,92
2482,2,2,92
2554,1,4,92
2549,2,1,92
2549,1,3,92
2554,2,1,92
